<annotation>
    <folder>glassdataset</folder>
    <filename>%c3%96sterreichischer_filmpreis_2019_foto_call_markus_schleinzer_1.jpg</filename>
    <size>
        <width>256</width>
        <height>256</height>
        <depth>3</depth>
    </size>
    <object>
        <name>Normal Glass</name>
        <pose>Unspecified</pose>
        <truncated>0</truncated>
        <occluded>0</occluded>
        <difficult>0</difficult>
        <polygon>
            <x1>13.788702</x1>
            <y1>109.306846</y1>
            <x2>70.514086</x2>
            <y2>110.037236</y2>
            <x3>73.050427</x3>
            <y3>109.246508</y3>
            <x4>125.491191</x4>
            <y4>113.746922</y4>
            <x5>132.128593</x5>
            <y5>118.257654</y5>
            <x6>143.645840</x6>
            <y6>118.102459</y6>
            <x7>157.302027</x7>
            <y7>111.277497</y7>
            <x8>201.172964</x8>
            <y8>108.761262</y8>
            <x9>203.684377</x9>
            <y9>111.292021</y9>
            <x10>203.909382</x10>
            <y10>115.554380</y10>
            <x11>196.895215</x11>
            <y11>136.860841</y11>
            <x12>189.178155</x12>
            <y12>148.907219</y12>
            <x13>177.190021</x13>
            <y13>154.018573</y13>
            <x14>169.038883</x14>
            <y14>155.491297</y14>
            <x15>153.955255</x15>
            <y15>155.587759</y15>
            <x16>148.768271</x16>
            <y16>148.307757</y16>
            <x17>144.099537</x17>
            <y17>133.154482</y17>
            <x18>140.575881</x18>
            <y18>128.231836</y18>
            <x19>132.325419</x19>
            <y19>127.865638</y19>
            <x20>128.495383</x20>
            <y20>135.631797</y20>
            <x21>121.122746</x21>
            <y21>147.249592</y21>
            <x22>112.118298</x22>
            <y22>154.280104</y22>
            <x23>95.944326</x23>
            <y23>155.841898</y23>
            <x24>83.913760</x24>
            <y24>155.086287</y24>
            <x25>77.390844</x25>
            <y25>152.312671</y25>
            <x26>71.802004</x26>
            <y26>145.367414</y26>
            <x27>67.261337</x27>
            <y27>132.734677</y27>
            <x28>66.731403</x28>
            <y28>123.026882</y28>
            <x29>30.186087</x29>
            <y29>119.975955</y29>
            <x30>15.074918</x30>
            <y30>117.232557</y30>
            <x31>9.437555</x31>
            <y31>119.368375</y31>
            <x32>7.106222</x32>
            <y32>109.982285</y32>
            <x33>13.465013</x33>
            <y33>109.205496</y33>
        </polygon>
        <bndbox>
            <xmin>7.106223</xmin>
            <ymin>108.761261</ymin>
            <xmax>203.909378</xmax>
            <ymax>155.841904</ymax>
        </bndbox>
    </object>
</annotation>