<annotation>
    <folder>glassdataset</folder>
    <filename>%d9%85%d8%ad%d9%85%d8%af_%d8%b9%d9%85%d8%b1.jpg</filename>
    <size>
        <width>256</width>
        <height>256</height>
        <depth>3</depth>
    </size>
    <object>
        <name>Normal Glass</name>
        <pose>Unspecified</pose>
        <truncated>0</truncated>
        <occluded>0</occluded>
        <difficult>0</difficult>
        <polygon>
            <x1>63.133700</x1>
            <y1>98.844903</y1>
            <x2>63.362260</x2>
            <y2>107.513901</y2>
            <x3>94.109490</x3>
            <y3>107.102410</y3>
            <x4>120.647871</x4>
            <y4>111.563567</y4>
            <x5>134.716373</x5>
            <y5>113.138605</y5>
            <x6>153.395906</x6>
            <y6>108.381733</y6>
            <x7>189.766377</x7>
            <y7>110.626759</y7>
            <x8>200.122852</x8>
            <y8>113.016738</y8>
            <x9>206.798340</x9>
            <y9>99.906807</y9>
            <x10>207.393434</x10>
            <y10>104.042877</y10>
            <x11>201.203615</x11>
            <y11>117.121582</y11>
            <x12>193.895271</x12>
            <y12>119.324978</y12>
            <x13>191.111294</x13>
            <y13>138.103400</y13>
            <x14>187.664266</x14>
            <y14>145.106057</y14>
            <x15>182.864821</x15>
            <y15>149.068647</y15>
            <x16>173.071207</x16>
            <y16>152.209750</y16>
            <x17>156.232276</x17>
            <y17>152.262771</y17>
            <x18>148.209160</x18>
            <y18>150.377700</y18>
            <x19>139.046862</x19>
            <y19>140.689836</y19>
            <x20>132.470285</x20>
            <y20>122.761926</y20>
            <x21>124.716439</x21>
            <y21>121.983489</y21>
            <x22>116.561832</x22>
            <y22>140.389699</y22>
            <x23>111.430341</x23>
            <y23>147.146280</y23>
            <x24>103.490421</x24>
            <y24>149.784242</y24>
            <x25>85.559552</x25>
            <y25>150.362537</y25>
            <x26>71.137902</x26>
            <y26>144.723027</y26>
            <x27>67.005875</x27>
            <y27>134.170887</y27>
            <x28>65.752629</x28>
            <y28>119.500506</y28>
            <x29>64.532310</x29>
            <y29>114.962049</y29>
            <x30>58.845253</x30>
            <y30>113.898313</y30>
            <x31>57.766484</x31>
            <y31>109.675233</y31>
            <x32>59.675161</x32>
            <y32>107.446052</y32>
            <x33>60.135978</x33>
            <y33>99.243615</y33>
            <x34>63.654312</x34>
            <y34>99.158740</y34>
        </polygon>
        <bndbox>
            <xmin>57.766483</xmin>
            <ymin>98.844902</ymin>
            <xmax>207.393433</xmax>
            <ymax>152.262772</ymax>
        </bndbox>
    </object>
</annotation>