<annotation>
    <folder>glassdataset</folder>
    <filename>-wallpaper-preview.jpg</filename>
    <size>
        <width>256</width>
        <height>256</height>
        <depth>3</depth>
    </size>
    <object>
        <name>Sun Glass</name>
        <pose>Unspecified</pose>
        <truncated>0</truncated>
        <occluded>0</occluded>
        <difficult>0</difficult>
        <polygon>
            <x1>34.984340</x1>
            <y1>125.002248</y1>
            <x2>64.703048</x2>
            <y2>103.358843</y2>
            <x3>73.300838</x3>
            <y3>100.399316</y3>
            <x4>102.555369</x4>
            <y4>97.798324</y4>
            <x5>119.718022</x5>
            <y5>100.745722</y5>
            <x6>127.845685</x6>
            <y6>104.614950</y6>
            <x7>139.332715</x7>
            <y7>104.301405</y7>
            <x8>155.450674</x8>
            <y8>99.577525</y8>
            <x9>167.383206</x9>
            <y9>98.329319</y9>
            <x10>181.019104</x10>
            <y10>101.518588</y10>
            <x11>185.046334</x11>
            <y11>114.862639</y11>
            <x12>186.762597</x12>
            <y12>136.502848</y12>
            <x13>184.278194</x13>
            <y13>149.546621</y13>
            <x14>180.229438</x14>
            <y14>154.157261</y14>
            <x15>165.057434</x15>
            <y15>154.648068</y15>
            <x16>154.275226</x16>
            <y16>150.811247</y16>
            <x17>152.862200</x17>
            <y17>144.669247</y17>
            <x18>145.400233</x18>
            <y18>135.508401</y18>
            <x19>135.028736</x19>
            <y19>120.995698</y19>
            <x20>132.861920</x20>
            <y20>121.105101</y20>
            <x21>131.468339</x21>
            <y21>131.604057</y21>
            <x22>123.595769</x22>
            <y22>146.495520</y22>
            <x23>114.276574</x23>
            <y23>152.967767</y23>
            <x24>93.837425</x24>
            <y24>156.017827</y24>
            <x25>82.358025</x25>
            <y25>155.413715</y25>
            <x26>76.224815</x26>
            <y26>151.091604</y26>
            <x27>68.191977</x27>
            <y27>133.360141</y27>
            <x28>63.849805</x28>
            <y28>120.483485</y28>
            <x29>47.323020</x29>
            <y29>128.005075</y29>
            <x30>36.943904</x30>
            <y30>135.558973</y30>
            <x31>35.274788</x31>
            <y31>125.980795</y31>
            <x32>35.238728</x32>
            <y32>125.240401</y32>
        </polygon>
        <bndbox>
            <xmin>34.984341</xmin>
            <ymin>97.798325</ymin>
            <xmax>186.762604</xmax>
            <ymax>156.017822</ymax>
        </bndbox>
    </object>
</annotation>