<annotation>
    <folder>glassdataset</folder>
    <filename>02_the_african_union_special_representative_for_somalia_%2813283648015%29.jpg</filename>
    <size>
        <width>256</width>
        <height>256</height>
        <depth>3</depth>
    </size>
    <object>
        <name>Normal Glass</name>
        <pose>Unspecified</pose>
        <truncated>0</truncated>
        <occluded>0</occluded>
        <difficult>0</difficult>
        <polygon>
            <x1>66.314818</x1>
            <y1>117.505706</y1>
            <x2>72.011164</x2>
            <y2>115.269763</y2>
            <x3>78.775788</x3>
            <y3>112.500754</y3>
            <x4>92.395915</x4>
            <y4>112.202751</y4>
            <x5>107.279358</x5>
            <y5>112.958102</y5>
            <x6>116.307368</x6>
            <y6>115.646788</y6>
            <x7>118.551917</x7>
            <y7>117.987929</y7>
            <x8>131.235269</x8>
            <y8>117.544963</y8>
            <x9>137.454807</x9>
            <y9>113.251531</y9>
            <x10>146.120034</x10>
            <y10>112.405787</y10>
            <x11>165.934890</x11>
            <y11>111.653385</y11>
            <x12>178.552649</x12>
            <y12>112.488246</y12>
            <x13>182.578210</x13>
            <y13>115.314298</y13>
            <x14>182.578210</x14>
            <y14>116.730489</y14>
            <x15>196.480559</x15>
            <y15>114.835554</y15>
            <x16>201.513139</x16>
            <y16>113.035705</y16>
            <x17>202.057791</x17>
            <y17>115.826207</y17>
            <x18>183.584708</x18>
            <y18>120.346357</y18>
            <x19>182.962843</x19>
            <y19>132.289630</y19>
            <x20>178.619804</x20>
            <y20>139.278089</y20>
            <x21>174.074150</x21>
            <y21>141.972367</y21>
            <x22>158.414439</x22>
            <y22>143.869632</y22>
            <x23>144.479857</x23>
            <y23>143.415362</y23>
            <x24>136.408944</x24>
            <y24>138.280998</y24>
            <x25>130.726948</x25>
            <y25>120.753698</y25>
            <x26>118.026145</x26>
            <y26>120.656293</y26>
            <x27>118.104377</x27>
            <y27>128.562819</y27>
            <x28>113.560870</x28>
            <y28>139.121777</y28>
            <x29>103.444553</x29>
            <y29>144.654279</y29>
            <x30>78.487974</x30>
            <y30>144.808347</y30>
            <x31>72.107127</x31>
            <y31>135.843330</y31>
            <x32>70.390279</x32>
            <y32>128.134594</y32>
            <x33>68.049116</x33>
            <y33>122.553785</y33>
            <x34>65.036188</x34>
            <y34>120.882003</y34>
            <x35>66.044432</x35>
            <y35>116.797221</y35>
        </polygon>
        <bndbox>
            <xmin>65.036186</xmin>
            <ymin>111.653381</ymin>
            <xmax>202.057785</xmax>
            <ymax>144.808350</ymax>
        </bndbox>
    </object>
</annotation>