<annotation>
    <folder>glassdataset</folder>
    <filename>0xmjweyvsmbqwe9qpmdnog73ekeqageo.jpeg</filename>
    <size>
        <width>256</width>
        <height>256</height>
        <depth>3</depth>
    </size>
    <object>
        <name>Normal Glass</name>
        <pose>Unspecified</pose>
        <truncated>0</truncated>
        <occluded>0</occluded>
        <difficult>0</difficult>
        <polygon>
            <x1>114.567824</x1>
            <y1>118.604104</y1>
            <x2>130.294105</x2>
            <y2>118.235771</y2>
            <x3>133.457231</x3>
            <y3>113.147818</y3>
            <x4>139.539490</x4>
            <y4>110.585486</y4>
            <x5>146.299388</x5>
            <y5>108.989313</y5>
            <x6>154.211431</x6>
            <y6>108.386654</y6>
            <x7>163.856212</x7>
            <y7>108.435361</y7>
            <x8>173.207901</x8>
            <y8>109.705234</y8>
            <x9>183.816130</x9>
            <y9>112.132258</y9>
            <x10>187.529176</x10>
            <y10>116.178997</y10>
            <x11>189.189990</x11>
            <y11>118.109471</y11>
            <x12>225.571690</x12>
            <y12>124.082739</y12>
            <x13>238.485099</x13>
            <y13>125.897870</y13>
            <x14>229.373871</x14>
            <y14>130.892905</y14>
            <x15>222.552129</x15>
            <y15>128.174468</y15>
            <x16>186.598893</x16>
            <y16>124.612650</y16>
            <x17>185.783823</x17>
            <y17>140.826248</y17>
            <x18>183.045432</x18>
            <y18>145.307196</y18>
            <x19>175.647476</x19>
            <y19>147.683194</y19>
            <x20>143.487946</x20>
            <y20>146.344617</y20>
            <x21>132.959163</x21>
            <y21>139.796534</y21>
            <x22>129.399740</x22>
            <y22>132.974618</y22>
            <x23>127.656273</x23>
            <y23>123.071547</y23>
            <x24>115.058327</x24>
            <y24>123.702289</y24>
            <x25>115.936109</x25>
            <y25>134.550502</y25>
            <x26>107.234270</x26>
            <y26>146.638847</y26>
            <x27>79.289550</x27>
            <y27>149.191944</y27>
            <x28>69.317005</x28>
            <y28>148.172093</y28>
            <x29>64.353032</x29>
            <y29>147.143115</y29>
            <x30>59.608429</x30>
            <y30>134.188304</y30>
            <x31>59.709942</x31>
            <y31>128.800484</y31>
            <x32>58.746547</x32>
            <y32>127.171254</y32>
            <x33>55.699045</x33>
            <y33>127.094192</y33>
            <x34>55.505861</x34>
            <y34>122.747739</y34>
            <x35>58.820660</x35>
            <y35>123.644552</y35>
            <x36>61.262122</x36>
            <y36>115.276894</y36>
            <x37>69.194574</x37>
            <y37>113.069088</y37>
            <x38>80.544411</x38>
            <y38>111.569408</y38>
            <x39>89.965531</x39>
            <y39>111.863704</y39>
            <x40>105.144710</x40>
            <y40>112.264942</y40>
            <x41>112.238345</x41>
            <y41>113.384139</y41>
            <x42>115.498930</x42>
            <y42>117.856492</y42>
        </polygon>
        <bndbox>
            <xmin>55.505859</xmin>
            <ymin>108.386650</ymin>
            <xmax>238.485092</xmax>
            <ymax>149.191940</ymax>
        </bndbox>
    </object>
</annotation>