<annotation>
    <folder>glassdataset</folder>
    <filename>1-61_cav_soldiers_react_after_rollover_dvids25745.jpg</filename>
    <size>
        <width>256</width>
        <height>256</height>
        <depth>3</depth>
    </size>
    <object>
        <name>Sun Glass</name>
        <pose>Unspecified</pose>
        <truncated>0</truncated>
        <occluded>0</occluded>
        <difficult>0</difficult>
        <polygon>
            <x1>50.252004</x1>
            <y1>79.778829</y1>
            <x2>54.136948</x2>
            <y2>85.693374</y2>
            <x3>58.194406</x3>
            <y3>97.944317</y3>
            <x4>74.455433</x4>
            <y4>108.414660</y4>
            <x5>95.080612</x5>
            <y5>115.057958</y5>
            <x6>132.779678</x6>
            <y6>121.087434</y6>
            <x7>171.015723</x7>
            <y7>113.935207</y7>
            <x8>190.338407</x8>
            <y8>105.210521</y8>
            <x9>196.128614</x9>
            <y9>96.307890</y9>
            <x10>196.128614</x10>
            <y10>84.377840</y10>
            <x11>196.615584</x11>
            <y11>79.198963</y11>
            <x12>198.179459</x12>
            <y12>81.051823</y12>
            <x13>199.132741</x13>
            <y13>93.379794</y13>
            <x14>202.598237</x14>
            <y14>98.661018</y14>
            <x15>202.527159</x15>
            <y15>101.377060</y15>
            <x16>190.164624</x16>
            <y16>114.675146</y16>
            <x17>186.098094</x17>
            <y17>117.067119</y17>
            <x18>187.646838</x18>
            <y18>119.149721</y18>
            <x19>188.749582</x19>
            <y19>122.607901</y19>
            <x20>174.904156</x20>
            <y20>136.827025</y20>
            <x21>151.175873</x21>
            <y21>150.651511</y21>
            <x22>134.328488</x22>
            <y22>138.831492</y22>
            <x23>126.360063</x23>
            <y23>139.471338</y23>
            <x24>111.756360</x24>
            <y24>150.308084</y24>
            <x25>64.670208</x25>
            <y25>124.336780</y25>
            <x26>65.606950</x26>
            <y26>119.721208</y26>
            <x27>73.155755</x27>
            <y27>114.246205</y27>
            <x28>49.954457</x28>
            <y28>100.004786</y28>
            <x29>52.841117</x29>
            <y29>94.688901</y29>
            <x30>50.062971</x30>
            <y30>79.926730</y30>
        </polygon>
        <bndbox>
            <xmin>49.954456</xmin>
            <ymin>79.198959</ymin>
            <xmax>202.598236</xmax>
            <ymax>150.651505</ymax>
        </bndbox>
    </object>
</annotation>