<annotation>
    <folder>glassdataset</folder>
    <filename>12_25.png</filename>
    <size>
        <width>256</width>
        <height>256</height>
        <depth>3</depth>
    </size>
    <object>
        <name>Normal Glass</name>
        <pose>Unspecified</pose>
        <truncated>0</truncated>
        <occluded>0</occluded>
        <difficult>0</difficult>
        <polygon>
            <x1>50.736308</x1>
            <y1>113.642440</y1>
            <x2>65.024060</x2>
            <y2>107.979975</y2>
            <x3>83.617015</x3>
            <y3>104.367942</y3>
            <x4>105.669159</x4>
            <y4>105.328356</y4>
            <x5>123.268904</x5>
            <y5>109.544543</y5>
            <x6>136.647541</x6>
            <y6>109.384655</y6>
            <x7>154.009078</x7>
            <y7>102.663742</y7>
            <x8>180.775196</x8>
            <y8>103.552980</y8>
            <x9>200.338905</x9>
            <y9>107.605746</y9>
            <x10>209.055267</x10>
            <y10>114.915173</y10>
            <x11>206.339398</x11>
            <y11>124.539339</y11>
            <x12>198.364731</x12>
            <y12>117.517921</y12>
            <x13>194.292218</x13>
            <y13>121.329521</y13>
            <x14>190.667743</x14>
            <y14>136.131090</y14>
            <x15>182.164833</x15>
            <y15>144.419953</y15>
            <x16>171.695964</x16>
            <y16>146.372591</y16>
            <x17>155.871552</x17>
            <y17>147.199323</y17>
            <x18>142.963259</x18>
            <y18>139.347021</y18>
            <x19>134.635844</x19>
            <y19>121.882681</y19>
            <x20>131.022923</x20>
            <y20>119.334711</y20>
            <x21>124.344118</x21>
            <y21>121.713006</y21>
            <x22>121.993005</x22>
            <y22>131.411957</y22>
            <x23>117.028079</x23>
            <y23>140.094959</y23>
            <x24>108.543984</x24>
            <y24>146.414254</y24>
            <x25>95.378712</x25>
            <y25>149.974977</y25>
            <x26>76.179760</x26>
            <y26>146.628572</y26>
            <x27>69.261176</x27>
            <y27>137.432437</y27>
            <x28>64.699103</x28>
            <y28>125.258371</y28>
            <x29>60.803083</x29>
            <y29>119.116078</y29>
            <x30>50.637039</x30>
            <y30>123.916347</y30>
            <x31>50.505222</x31>
            <y31>113.586102</y31>
        </polygon>
        <bndbox>
            <xmin>50.505222</xmin>
            <ymin>102.663742</ymin>
            <xmax>209.055267</xmax>
            <ymax>149.974976</ymax>
        </bndbox>
    </object>
</annotation>