<annotation>
    <folder>glassdataset</folder>
    <filename>138bb870-e25a-4a42-8085-32a73d7a2472-34a60c3bf37665b9c1c8faa25eafeeb5-scaled-2-768x1024.jpeg</filename>
    <size>
        <width>256</width>
        <height>256</height>
        <depth>3</depth>
    </size>
    <object>
        <name>Sun Glass</name>
        <pose>Unspecified</pose>
        <truncated>0</truncated>
        <occluded>0</occluded>
        <difficult>0</difficult>
        <polygon>
            <x1>35.658988</x1>
            <y1>111.497864</y1>
            <x2>66.414054</x2>
            <y2>136.987141</y2>
            <x3>73.653173</x3>
            <y3>122.890405</y3>
            <x4>77.072455</x4>
            <y4>121.251528</y4>
            <x5>119.802453</x5>
            <y5>114.452416</y5>
            <x6>148.994707</x6>
            <y6>110.579872</y6>
            <x7>189.858222</x7>
            <y7>107.080104</y7>
            <x8>193.453758</x8>
            <y8>111.877447</y8>
            <x9>196.633749</x9>
            <y9>117.812889</y9>
            <x10>198.362541</x10>
            <y10>118.670543</y10>
            <x11>198.809691</x11>
            <y11>123.633898</y11>
            <x12>195.894591</x12>
            <y12>123.918732</y12>
            <x13>195.423380</x13>
            <y13>124.990716</y13>
            <x14>193.659384</x14>
            <y14>136.023833</y14>
            <x15>189.196732</x15>
            <y15>148.039712</y15>
            <x16>183.413570</x16>
            <y16>155.323800</y16>
            <x17>177.167738</x17>
            <y17>159.479357</y17>
            <x18>164.149110</x18>
            <y18>162.648705</y18>
            <x19>153.100776</x19>
            <y19>162.622822</y19>
            <x20>146.498273</x20>
            <y20>155.270626</y20>
            <x21>141.812956</x21>
            <y21>139.993143</y21>
            <x22>139.304795</x22>
            <y22>129.595981</y22>
            <x23>134.273451</x23>
            <y23>129.826015</y23>
            <x24>132.054285</x24>
            <y24>130.001066</y24>
            <x25>127.708666</x25>
            <y25>144.900506</y25>
            <x26>121.216433</x26>
            <y26>157.567373</y26>
            <x27>112.690870</x27>
            <y27>167.725462</y27>
            <x28>95.739566</x28>
            <y28>172.761467</y28>
            <x29>80.053756</x29>
            <y29>172.187702</y29>
            <x30>70.772908</x30>
            <y30>165.930924</y30>
            <x31>67.027856</x31>
            <y31>157.651696</y31>
            <x32>65.519419</x32>
            <y32>151.802464</y32>
            <x33>57.604926</x33>
            <y33>144.318494</y33>
            <x34>49.718592</x34>
            <y34>132.541136</y34>
            <x35>34.067638</x35>
            <y35>114.866520</y35>
            <x36>36.060443</x36>
            <y36>111.814779</y36>
        </polygon>
        <bndbox>
            <xmin>34.067638</xmin>
            <ymin>107.080101</ymin>
            <xmax>198.809692</xmax>
            <ymax>172.761459</ymax>
        </bndbox>
    </object>
</annotation>