<annotation>
    <folder>glassdataset</folder>
    <filename>2-800x400.jpg</filename>
    <size>
        <width>256</width>
        <height>256</height>
        <depth>3</depth>
    </size>
    <object>
        <name>Normal Glass</name>
        <pose>Unspecified</pose>
        <truncated>0</truncated>
        <occluded>0</occluded>
        <difficult>0</difficult>
        <polygon>
            <x1>1.748891</x1>
            <y1>147.277165</y1>
            <x2>75.702002</x2>
            <y2>103.687713</y2>
            <x3>82.888370</x3>
            <y3>99.772877</y3>
            <x4>96.338584</x4>
            <y4>98.743889</y4>
            <x5>122.780850</x5>
            <y5>102.059772</y5>
            <x6>139.027635</x6>
            <y6>113.058292</y6>
            <x7>155.815105</x7>
            <y7>118.597265</y7>
            <x8>165.578480</x8>
            <y8>116.912021</y8>
            <x9>177.227457</x9>
            <y9>118.260407</y9>
            <x10>192.870564</x10>
            <y10>125.711774</y10>
            <x11>200.971543</x11>
            <y11>133.093212</y11>
            <x12>207.474332</x12>
            <y12>132.608388</y12>
            <x13>208.347020</x13>
            <y13>140.388853</y13>
            <x14>196.548667</x14>
            <y14>142.654288</y14>
            <x15>196.263530</x15>
            <y15>150.251161</y15>
            <x16>194.236920</x16>
            <y16>152.851427</y16>
            <x17>188.342383</x17>
            <y17>152.849671</y17>
            <x18>175.255039</x18>
            <y18>148.923932</y18>
            <x19>165.589535</x19>
            <y19>145.924260</y19>
            <x20>157.154842</x20>
            <y20>134.023517</y20>
            <x21>153.808828</x21>
            <y21>129.897137</y21>
            <x22>141.941066</x22>
            <y22>128.036203</y22>
            <x23>133.680958</x23>
            <y23>136.540489</y23>
            <x24>122.147171</x24>
            <y24>136.033284</y24>
            <x25>103.914767</x25>
            <y25>130.780143</y25>
            <x26>94.360248</x26>
            <y26>124.732632</y26>
            <x27>91.743594</x27>
            <y27>113.900546</y27>
            <x28>83.304154</x28>
            <y28>111.676308</y28>
            <x29>9.189030</x29>
            <y29>155.295381</y29>
            <x30>1.000000</x30>
            <y30>148.356910</y30>
        </polygon>
        <bndbox>
            <xmin>1.000000</xmin>
            <ymin>98.743889</ymin>
            <xmax>208.347015</xmax>
            <ymax>155.295380</ymax>
        </bndbox>
    </object>
</annotation>