<annotation>
    <folder>glassdataset</folder>
    <filename>29f5fc0b-1dd8-b71b-0b3cea92d0c1f3af.jpg</filename>
    <size>
        <width>256</width>
        <height>256</height>
        <depth>3</depth>
    </size>
    <object>
        <name>Sun Glass</name>
        <pose>Unspecified</pose>
        <truncated>0</truncated>
        <occluded>0</occluded>
        <difficult>0</difficult>
        <polygon>
            <x1>73.755074</x1>
            <y1>116.581482</y1>
            <x2>81.962120</x2>
            <y2>109.446838</y2>
            <x3>97.995499</x3>
            <y3>109.086769</y3>
            <x4>105.199097</x4>
            <y4>115.707703</y4>
            <x5>118.459854</x5>
            <y5>112.223579</y5>
            <x6>123.096985</x6>
            <y6>115.233360</y6>
            <x7>127.893089</x7>
            <y7>115.233360</y7>
            <x8>134.878555</x8>
            <y8>111.577957</y8>
            <x9>141.558380</x9>
            <y9>110.852654</y9>
            <x10>149.782593</x10>
            <y10>111.811928</y10>
            <x11>156.620987</x11>
            <y11>111.133423</y11>
            <x12>164.889771</x12>
            <y12>124.158951</y12>
            <x13>167.710632</x13>
            <y13>126.575890</y13>
            <x14>186.823059</x14>
            <y14>125.378647</y14>
            <x15>234.107880</x15>
            <y15>115.530731</y15>
            <x16>233.785583</x16>
            <y16>120.096069</y16>
            <x17>169.111710</x17>
            <y17>135.647095</y17>
            <x18>164.862198</x18>
            <y18>147.553467</y18>
            <x19>160.022888</x19>
            <y19>152.362610</y19>
            <x20>153.582809</x20>
            <y20>152.194397</y20>
            <x21>148.161194</x21>
            <y21>151.211533</y21>
            <x22>141.965820</x22>
            <y22>149.309937</y22>
            <x23>137.820694</x23>
            <y23>146.666077</y23>
            <x24>134.204880</x24>
            <y24>142.665024</y24>
            <x25>131.179947</x25>
            <y25>138.124039</y25>
            <x26>128.212830</x26>
            <y26>133.888290</y26>
            <x27>126.522507</x27>
            <y27>130.102692</y27>
            <x28>120.820374</x28>
            <y28>127.809059</y28>
            <x29>111.976639</x29>
            <y29>129.942596</y29>
            <x30>110.002121</x30>
            <y30>139.274902</y30>
            <x31>104.299011</x31>
            <y31>145.828323</y31>
            <x32>101.932640</x32>
            <y32>150.098038</y32>
            <x33>93.986130</x33>
            <y33>149.694153</y33>
            <x34>87.223671</x34>
            <y34>147.475464</y34>
            <x35>79.216469</x35>
            <y35>141.274002</y35>
            <x36>75.572159</x36>
            <y36>134.358871</y36>
            <x37>72.997177</x37>
            <y37>126.586357</y37>
            <x38>73.890190</x38>
            <y38>116.985809</y38>
        </polygon>
        <bndbox>
            <xmin>72.997177</xmin>
            <ymin>109.086769</ymin>
            <xmax>234.107880</xmax>
            <ymax>152.362610</ymax>
        </bndbox>
    </object>
</annotation>