<annotation>
    <folder>glassdataset</folder>
    <filename>2k-wallpaper-preview.jpg</filename>
    <size>
        <width>256</width>
        <height>256</height>
        <depth>3</depth>
    </size>
    <object>
        <name>Normal Glass</name>
        <pose>Unspecified</pose>
        <truncated>0</truncated>
        <occluded>0</occluded>
        <difficult>0</difficult>
        <polygon>
            <x1>11.295563</x1>
            <y1>99.962192</y1>
            <x2>76.951607</x2>
            <y2>120.890045</y2>
            <x3>86.947249</x3>
            <y3>120.317647</y3>
            <x4>106.564651</x4>
            <y4>116.761335</y4>
            <x5>121.951646</x5>
            <y5>117.564169</y5>
            <x6>130.958911</x6>
            <y6>121.748469</y6>
            <x7>144.920655</x7>
            <y7>119.764671</y7>
            <x8>156.363811</x8>
            <y8>114.296235</y8>
            <x9>175.706286</x9>
            <y9>112.220375</y9>
            <x10>185.022858</x10>
            <y10>114.262560</y10>
            <x11>192.133617</x11>
            <y11>114.029913</y11>
            <x12>192.403819</x12>
            <y12>120.472744</y12>
            <x13>188.521043</x13>
            <y13>122.389182</y13>
            <x14>186.636524</x14>
            <y14>134.840885</y14>
            <x15>182.235651</x15>
            <y15>145.374199</y15>
            <x16>172.661731</x16>
            <y16>155.379097</y16>
            <x17>161.719809</x17>
            <y17>158.039733</y17>
            <x18>154.511460</x18>
            <y18>154.291267</y18>
            <x19>143.605001</x19>
            <y19>127.786854</y19>
            <x20>141.630090</x20>
            <y20>124.728058</y20>
            <x21>133.894410</x21>
            <y21>126.774297</y21>
            <x22>131.035821</x22>
            <y22>135.456984</y22>
            <x23>127.657378</x23>
            <y23>145.295382</y23>
            <x24>121.357549</x24>
            <y24>154.753504</y24>
            <x25>112.002761</x25>
            <y25>160.314955</y25>
            <x26>102.547305</x26>
            <y26>162.302374</y26>
            <x27>94.949880</x27>
            <y27>160.200198</y27>
            <x28>87.118756</x28>
            <y28>152.872844</y28>
            <x29>84.844932</x29>
            <y29>146.240026</y29>
            <x30>84.960394</x30>
            <y30>137.478392</y30>
            <x31>85.594094</x31>
            <y31>132.257137</y31>
            <x32>79.330389</x32>
            <y32>128.663660</y32>
            <x33>72.033350</x33>
            <y33>126.783791</y33>
            <x34>68.591720</x34>
            <y34>126.617042</y34>
            <x35>57.216001</x35>
            <y35>126.593198</y35>
            <x36>47.594370</x36>
            <y36>119.998499</y36>
            <x37>24.722561</x37>
            <y37>113.534012</y37>
            <x38>9.068268</x38>
            <y38>100.028197</y38>
        </polygon>
        <bndbox>
            <xmin>9.068269</xmin>
            <ymin>99.962189</ymin>
            <xmax>192.403824</xmax>
            <ymax>162.302368</ymax>
        </bndbox>
    </object>
</annotation>