<annotation>
    <folder>glassdataset</folder>
    <filename>320px-wikipedia_user_%22charles_kludge%22.jpg</filename>
    <size>
        <width>256</width>
        <height>256</height>
        <depth>3</depth>
    </size>
    <object>
        <name>Normal Glass</name>
        <pose>Unspecified</pose>
        <truncated>0</truncated>
        <occluded>0</occluded>
        <difficult>0</difficult>
        <polygon>
            <x1>57.718762</x1>
            <y1>120.592595</y1>
            <x2>67.356422</x2>
            <y2>114.965984</y2>
            <x3>69.521938</x3>
            <y3>110.864684</y3>
            <x4>73.383795</x4>
            <y4>109.040557</y4>
            <x5>78.383990</x5>
            <y5>106.266291</y5>
            <x6>91.409208</x6>
            <y6>105.715082</y6>
            <x7>100.424081</x7>
            <y7>107.186993</y7>
            <x8>109.355261</x8>
            <y8>110.448250</y8>
            <x9>116.340425</x9>
            <y9>115.304988</y9>
            <x10>116.853212</x10>
            <y10>118.563319</y10>
            <x11>122.517173</x11>
            <y11>115.961861</y11>
            <x12>131.060381</x12>
            <y12>116.837518</y12>
            <x13>136.315430</x13>
            <y13>119.129886</y13>
            <x14>138.821055</x14>
            <y14>114.326430</y14>
            <x15>143.376462</x15>
            <y15>109.860201</y15>
            <x16>154.399435</x16>
            <y16>107.480703</y16>
            <x17>165.633019</x17>
            <y17>106.494234</y17>
            <x18>177.426191</x18>
            <y18>108.465102</y18>
            <x19>184.428783</x19>
            <y19>114.658942</y19>
            <x20>188.870192</x20>
            <y20>119.659191</y20>
            <x21>207.185380</x21>
            <y21>119.104513</y21>
            <x22>221.716466</x22>
            <y22>121.390194</y22>
            <x23>221.633638</x23>
            <y23>124.896314</y23>
            <x24>188.374053</x24>
            <y24>124.287151</y24>
            <x25>186.640535</x25>
            <y25>133.769616</y25>
            <x26>180.270624</x26>
            <y26>142.423376</y26>
            <x27>167.609382</x27>
            <y27>147.536062</y27>
            <x28>156.069331</x28>
            <y28>147.572533</y28>
            <x29>144.839475</x29>
            <y29>142.563841</y29>
            <x30>137.363028</x30>
            <y30>135.467259</y30>
            <x31>133.257653</x31>
            <y31>121.013343</y31>
            <x32>119.227475</x32>
            <y32>121.795356</y32>
            <x33>117.349698</x33>
            <y33>130.646982</y33>
            <x34>112.099656</x34>
            <y34>139.724870</y34>
            <x35>105.155592</x35>
            <y35>145.885209</y35>
            <x36>89.115951</x36>
            <y36>147.576760</y36>
            <x37>73.496677</x37>
            <y37>139.186678</y37>
            <x38>66.500751</x38>
            <y38>127.832018</y38>
            <x39>65.059957</x39>
            <y39>120.464702</y39>
            <x40>57.851674</x40>
            <y40>121.439282</y40>
        </polygon>
        <bndbox>
            <xmin>57.718761</xmin>
            <ymin>105.715080</ymin>
            <xmax>221.716461</xmax>
            <ymax>147.576767</ymax>
        </bndbox>
    </object>
</annotation>