<annotation>
    <folder>glassdataset</folder>
    <filename>320px-ketra_oberlander_yahoo_independence_2011.jpg</filename>
    <size>
        <width>256</width>
        <height>256</height>
        <depth>3</depth>
    </size>
    <object>
        <name>Sun Glass</name>
        <pose>Unspecified</pose>
        <truncated>0</truncated>
        <occluded>0</occluded>
        <difficult>0</difficult>
        <polygon>
            <x1>53.981774</x1>
            <y1>115.684950</y1>
            <x2>65.531807</x2>
            <y2>110.006574</y2>
            <x3>77.995205</x3>
            <y3>108.479669</y3>
            <x4>97.758807</x4>
            <y4>106.507218</y4>
            <x5>112.924785</x5>
            <y5>108.783155</y5>
            <x6>119.997913</x6>
            <y6>114.538517</y6>
            <x7>134.381835</x7>
            <y7>113.841780</y7>
            <x8>143.421832</x8>
            <y8>108.495536</y8>
            <x9>150.628663</x9>
            <y9>105.932208</y9>
            <x10>181.646626</x10>
            <y10>103.381549</y10>
            <x11>190.140476</x11>
            <y11>108.059106</y11>
            <x12>197.153451</x12>
            <y12>103.419874</y12>
            <x13>200.940545</x13>
            <y13>118.071276</y13>
            <x14>193.622599</x14>
            <y14>123.225897</y14>
            <x15>190.623089</x15>
            <y15>133.160779</y15>
            <x16>181.781369</x16>
            <y16>140.765336</y16>
            <x17>172.769964</x17>
            <y17>145.567296</y17>
            <x18>155.310468</x18>
            <y18>146.004843</y18>
            <x19>141.661543</x19>
            <y19>141.078816</y19>
            <x20>133.592863</x20>
            <y20>129.204497</y20>
            <x21>131.921579</x21>
            <y21>123.519152</y21>
            <x22>123.117773</x22>
            <y22>124.434001</y22>
            <x23>120.516120</x23>
            <y23>133.409900</y23>
            <x24>115.324649</x24>
            <y24>140.010452</y24>
            <x25>107.129072</x25>
            <y25>145.925745</y25>
            <x26>99.342668</x26>
            <y26>147.822446</y26>
            <x27>88.351300</x27>
            <y27>148.454152</y27>
            <x28>77.376147</x28>
            <y28>147.014702</y28>
            <x29>63.176685</x29>
            <y29>137.625437</y29>
            <x30>58.230866</x30>
            <y30>130.150561</y30>
            <x31>51.907529</x31>
            <y31>129.842088</y31>
            <x32>48.685864</x32>
            <y32>117.804370</y32>
            <x33>53.981384</x33>
            <y33>116.260307</y33>
        </polygon>
        <bndbox>
            <xmin>48.685863</xmin>
            <ymin>103.381546</ymin>
            <xmax>200.940552</xmax>
            <ymax>148.454147</ymax>
        </bndbox>
    </object>
</annotation>