<annotation>
    <folder>glassdataset</folder>
    <filename>320px-young_woman_-sunglasses_-visiting_zoo_vienna-7aug2009a.jpg</filename>
    <size>
        <width>256</width>
        <height>256</height>
        <depth>3</depth>
    </size>
    <object>
        <name>Sun Glass</name>
        <pose>Unspecified</pose>
        <truncated>0</truncated>
        <occluded>0</occluded>
        <difficult>0</difficult>
        <polygon>
            <x1>8.672493</x1>
            <y1>109.508029</y1>
            <x2>67.698157</x2>
            <y2>113.414996</y2>
            <x3>74.392050</x3>
            <y3>105.139421</y3>
            <x4>80.459861</x4>
            <y4>101.908890</y4>
            <x5>89.328102</x5>
            <y5>100.817928</y5>
            <x6>108.190933</x6>
            <y6>99.955591</y6>
            <x7>121.169676</x7>
            <y7>102.328174</y7>
            <x8>133.289062</x8>
            <y8>115.170570</y8>
            <x9>140.984533</x9>
            <y9>115.527771</y9>
            <x10>144.213448</x10>
            <y10>106.929190</y10>
            <x11>149.932945</x11>
            <y11>100.729172</y11>
            <x12>165.197380</x12>
            <y12>92.723062</y12>
            <x13>177.220022</x13>
            <y13>91.033310</y13>
            <x14>183.802149</x14>
            <y14>95.814482</y14>
            <x15>186.599977</x15>
            <y15>113.943878</y15>
            <x16>184.655154</x16>
            <y16>131.088756</y16>
            <x17>179.502159</x17>
            <y17>143.430611</y17>
            <x18>167.736885</x18>
            <y18>151.884359</y18>
            <x19>154.014758</x19>
            <y19>151.447137</y19>
            <x20>146.237414</x20>
            <y20>143.639619</y20>
            <x21>139.687131</x21>
            <y21>126.460178</y21>
            <x22>132.539781</x22>
            <y22>127.205134</y22>
            <x23>127.313974</x23>
            <y23>139.601226</y23>
            <x24>119.104004</x24>
            <y24>151.036079</y24>
            <x25>104.073159</x25>
            <y25>159.310061</y25>
            <x26>86.994938</x26>
            <y26>160.272425</y26>
            <x27>72.468946</x27>
            <y27>156.252023</y27>
            <x28>65.856602</x28>
            <y28>145.231978</y28>
            <x29>61.562162</x29>
            <y29>138.249653</y29>
            <x30>52.760978</x30>
            <y30>134.507766</y30>
            <x31>14.968984</x31>
            <y31>119.354827</y31>
            <x32>5.686108</x32>
            <y32>109.599212</y32>
            <x33>10.454242</x33>
            <y33>109.773613</y33>
        </polygon>
        <bndbox>
            <xmin>5.686108</xmin>
            <ymin>91.033310</ymin>
            <xmax>186.599976</xmax>
            <ymax>160.272430</ymax>
        </bndbox>
    </object>
</annotation>