<annotation>
    <folder>glassdataset</folder>
    <filename>320px-gray-haired_man_portrait_%28unsplash%29.jpg</filename>
    <size>
        <width>256</width>
        <height>256</height>
        <depth>3</depth>
    </size>
    <object>
        <name>Normal Glass</name>
        <pose>Unspecified</pose>
        <truncated>0</truncated>
        <occluded>0</occluded>
        <difficult>0</difficult>
        <polygon>
            <x1>53.127620</x1>
            <y1>112.920775</y1>
            <x2>61.785715</x2>
            <y2>106.846038</y2>
            <x3>72.474550</x3>
            <y3>105.072754</y3>
            <x4>88.423224</x4>
            <y4>105.420764</y4>
            <x5>110.299721</x5>
            <y5>106.562873</y5>
            <x6>114.333952</x6>
            <y6>110.286346</y6>
            <x7>127.336735</x7>
            <y7>110.982259</y7>
            <x8>134.699660</x8>
            <y8>104.096852</y8>
            <x9>144.693287</x9>
            <y9>102.438683</y9>
            <x10>153.289234</x10>
            <y10>101.376561</y10>
            <x11>181.104944</x11>
            <y11>102.863896</y11>
            <x12>188.434726</x12>
            <y12>104.771478</y12>
            <x13>190.997643</x13>
            <y13>106.430905</y13>
            <x14>211.504532</x14>
            <y14>113.110696</y14>
            <x15>222.282318</x15>
            <y15>119.281830</y15>
            <x16>229.727052</x16>
            <y16>126.561506</y16>
            <x17>223.613752</x17>
            <y17>132.247100</y17>
            <x18>205.449933</x18>
            <y18>124.165436</y18>
            <x19>194.856162</x19>
            <y19>117.663015</y19>
            <x20>190.938162</x20>
            <y20>117.174430</y20>
            <x21>188.933358</x21>
            <y21>128.347709</y21>
            <x22>185.632649</x22>
            <y22>136.018370</y22>
            <x23>181.295743</x23>
            <y23>137.577433</y23>
            <x24>175.752154</x24>
            <y24>139.473549</y24>
            <x25>165.294730</x25>
            <y25>140.982300</y25>
            <x26>154.296166</x26>
            <y26>140.618953</y26>
            <x27>139.876391</x27>
            <y27>140.730166</y27>
            <x28>135.103587</x28>
            <y28>139.056162</y28>
            <x29>124.599948</x29>
            <y29>118.435686</y29>
            <x30>114.619696</x30>
            <y30>118.673957</y30>
            <x31>112.285037</x31>
            <y31>131.553052</y31>
            <x32>106.960665</x32>
            <y32>141.060987</y32>
            <x33>100.245486</x33>
            <y33>144.891890</y33>
            <x34>66.557414</x34>
            <y34>144.372437</y34>
            <x35>59.565162</x35>
            <y35>136.338472</y35>
            <x36>56.701934</x36>
            <y36>127.906683</y36>
            <x37>56.052843</x37>
            <y37>122.634683</y37>
            <x38>52.573409</x38>
            <y38>121.707587</y38>
            <x39>52.655911</x39>
            <y39>113.887453</y39>
            <x40>53.408118</x40>
            <y40>112.200313</y40>
        </polygon>
        <bndbox>
            <xmin>52.573410</xmin>
            <ymin>101.376564</ymin>
            <xmax>229.727051</xmax>
            <ymax>144.891891</ymax>
        </bndbox>
    </object>
</annotation>