<annotation>
    <folder>glassdataset</folder>
    <filename>320px-saroj_kumar_dhakal_-_participant_interactive_session-22_nov_2018-3057.jpg</filename>
    <size>
        <width>256</width>
        <height>256</height>
        <depth>3</depth>
    </size>
    <object>
        <name>Normal Glass</name>
        <pose>Unspecified</pose>
        <truncated>0</truncated>
        <occluded>0</occluded>
        <difficult>0</difficult>
        <polygon>
            <x1>13.472545</x1>
            <y1>99.792744</y1>
            <x2>67.203503</x2>
            <y2>112.156948</y2>
            <x3>78.939827</x3>
            <y3>107.616357</y3>
            <x4>111.571435</x4>
            <y4>108.171446</y4>
            <x5>132.110948</x5>
            <y5>114.099994</y5>
            <x6>145.836176</x6>
            <y6>113.710050</y6>
            <x7>167.941970</x7>
            <y7>106.411504</y7>
            <x8>191.425478</x8>
            <y8>109.166001</y8>
            <x9>207.282276</x9>
            <y9>108.648911</y9>
            <x10>206.014116</x10>
            <y10>125.147082</y10>
            <x11>204.483970</x11>
            <y11>127.862409</y11>
            <x12>203.329765</x12>
            <y12>140.336384</y12>
            <x13>190.177933</x13>
            <y13>151.277039</y13>
            <x14>174.796639</x14>
            <y14>153.749043</y14>
            <x15>151.813605</x15>
            <y15>150.907145</y15>
            <x16>140.400775</x16>
            <y16>128.788865</y16>
            <x17>138.393479</x17>
            <y17>124.271977</y17>
            <x18>132.189093</x18>
            <y18>125.350075</y18>
            <x19>127.939697</x19>
            <y19>140.797602</y19>
            <x20>123.126183</x20>
            <y20>149.073448</y20>
            <x21>113.071450</x21>
            <y21>153.587854</y21>
            <x22>106.948027</x22>
            <y22>154.504957</y22>
            <x23>99.517145</x23>
            <y23>154.814524</y23>
            <x24>87.285082</x24>
            <y24>154.781814</y24>
            <x25>69.402401</x25>
            <y25>150.207027</y25>
            <x26>62.802879</x26>
            <y26>142.575894</y26>
            <x27>62.902549</x27>
            <y27>125.412937</y27>
            <x28>22.927242</x28>
            <y28>112.912993</y28>
            <x29>15.635416</x29>
            <y29>111.677565</y29>
            <x30>12.655264</x30>
            <y30>99.811147</y30>
        </polygon>
        <bndbox>
            <xmin>12.655264</xmin>
            <ymin>99.792747</ymin>
            <xmax>207.282272</xmax>
            <ymax>154.814529</ymax>
        </bndbox>
    </object>
</annotation>