<annotation>
    <folder>glassdataset</folder>
    <filename>320px-scowling_woman_with_sunglasses_and_facial_piercings.jpg</filename>
    <size>
        <width>256</width>
        <height>256</height>
        <depth>3</depth>
    </size>
    <object>
        <name>Sun Glass</name>
        <pose>Unspecified</pose>
        <truncated>0</truncated>
        <occluded>0</occluded>
        <difficult>0</difficult>
        <polygon>
            <x1>87.297936</x1>
            <y1>104.415805</y1>
            <x2>123.298037</x2>
            <y2>117.310008</y2>
            <x3>141.043363</x3>
            <y3>113.771872</y3>
            <x4>164.855384</x4>
            <y4>108.366180</y4>
            <x5>199.228054</x5>
            <y5>107.388024</y5>
            <x6>204.514751</x6>
            <y6>117.021034</y6>
            <x7>203.181886</x7>
            <y7>124.380383</y7>
            <x8>203.283269</x8>
            <y8>139.667665</y8>
            <x9>193.835552</x9>
            <y9>153.280520</y9>
            <x10>181.537874</x10>
            <y10>158.734823</y10>
            <x11>164.062988</x11>
            <y11>160.631372</y11>
            <x12>151.169587</x12>
            <y12>160.082753</y12>
            <x13>142.464345</x13>
            <y13>153.660948</y13>
            <x14>130.009163</x14>
            <y14>132.597246</y14>
            <x15>124.054646</x15>
            <y15>131.729566</y15>
            <x16>119.671937</x16>
            <y16>138.580160</y16>
            <x17>115.833144</x17>
            <y17>146.577773</y17>
            <x18>110.789010</x18>
            <y18>153.297254</y18>
            <x19>105.869562</x19>
            <y19>156.941823</y19>
            <x20>96.103369</x20>
            <y20>158.755567</y20>
            <x21>84.920541</x21>
            <y21>158.694005</y21>
            <x22>77.911413</x22>
            <y22>156.286620</y22>
            <x23>71.186935</x23>
            <y23>154.745592</y23>
            <x24>85.442812</x24>
            <y24>103.615951</y24>
        </polygon>
        <bndbox>
            <xmin>71.186935</xmin>
            <ymin>103.615952</ymin>
            <xmax>204.514755</xmax>
            <ymax>160.631378</ymax>
        </bndbox>
    </object>
</annotation>