<annotation>
    <folder>glassdataset</folder>
    <filename>320px-richmond%2c_united_kingdom_%28unsplash_hodktzow_kk%29.jpg</filename>
    <size>
        <width>256</width>
        <height>256</height>
        <depth>3</depth>
    </size>
    <object>
        <name>Normal Glass</name>
        <pose>Unspecified</pose>
        <truncated>0</truncated>
        <occluded>0</occluded>
        <difficult>0</difficult>
        <polygon>
            <x1>29.794332</x1>
            <y1>125.010052</y1>
            <x2>46.172847</x2>
            <y2>116.063525</y2>
            <x3>63.943817</x3>
            <y3>111.436475</y3>
            <x4>71.957135</x4>
            <y4>109.574479</y4>
            <x5>92.604815</x5>
            <y5>105.881711</y5>
            <x6>120.676030</x6>
            <y6>108.263529</y6>
            <x7>124.021263</x7>
            <y7>115.441638</y7>
            <x8>135.684309</x8>
            <y8>115.392605</y8>
            <x9>138.853830</x9>
            <y9>107.123902</y9>
            <x10>145.573583</x10>
            <y10>103.338141</y10>
            <x11>178.693266</x11>
            <y11>108.690628</y11>
            <x12>198.482631</x12>
            <y12>117.882233</y12>
            <x13>199.480285</x13>
            <y13>124.285569</y13>
            <x14>194.414670</x14>
            <y14>126.249034</y14>
            <x15>193.546578</x15>
            <y15>138.965271</y15>
            <x16>187.150569</x16>
            <y16>150.176203</y16>
            <x17>174.291179</x17>
            <y17>159.049505</y17>
            <x18>150.367414</x18>
            <y18>156.707280</y18>
            <x19>139.383330</x19>
            <y19>147.888061</y19>
            <x20>135.550866</x20>
            <y20>135.481587</y20>
            <x21>135.179846</x21>
            <y21>123.371240</y21>
            <x22>125.120235</x22>
            <y22>124.152202</y22>
            <x23>121.946964</x23>
            <y23>138.607169</y23>
            <x24>116.286840</x24>
            <y24>148.885358</y24>
            <x25>106.504454</x25>
            <y25>154.625047</y25>
            <x26>97.529531</x26>
            <y26>156.639562</y26>
            <x27>78.510973</x27>
            <y27>154.426943</y27>
            <x28>66.572209</x28>
            <y28>142.857075</y28>
            <x29>63.644005</x29>
            <y29>132.177073</y29>
            <x30>63.268042</x30>
            <y30>120.309453</y30>
            <x31>59.117579</x31>
            <y31>117.812954</y31>
            <x32>35.073117</x32>
            <y32>131.416336</y32>
            <x33>29.557426</x33>
            <y33>125.311934</y33>
        </polygon>
        <bndbox>
            <xmin>29.557426</xmin>
            <ymin>103.338142</ymin>
            <xmax>199.480286</xmax>
            <ymax>159.049500</ymax>
        </bndbox>
    </object>
</annotation>