<annotation>
    <folder>glassdataset</folder>
    <filename>360px-prince_hamidu_armah.jpg</filename>
    <size>
        <width>256</width>
        <height>256</height>
        <depth>3</depth>
    </size>
    <object>
        <name>Normal Glass</name>
        <pose>Unspecified</pose>
        <truncated>0</truncated>
        <occluded>0</occluded>
        <difficult>0</difficult>
        <polygon>
            <x1>54.672354</x1>
            <y1>106.454771</y1>
            <x2>67.098349</x2>
            <y2>110.667902</y2>
            <x3>105.861064</x3>
            <y3>111.458196</y3>
            <x4>120.065740</x4>
            <y4>113.800009</y4>
            <x5>125.753979</x5>
            <y5>118.872214</y5>
            <x6>139.650302</x6>
            <y6>118.193469</y6>
            <x7>143.729643</x7>
            <y7>114.692986</y7>
            <x8>150.436303</x8>
            <y8>112.713197</y8>
            <x9>178.289969</x9>
            <y9>111.093678</y9>
            <x10>195.468142</x10>
            <y10>112.198427</y10>
            <x11>196.213110</x11>
            <y11>122.780850</y11>
            <x12>190.058256</x12>
            <y12>129.526116</y12>
            <x13>184.965046</x13>
            <y13>140.943249</y13>
            <x14>178.270742</x14>
            <y14>150.917084</y14>
            <x15>171.074749</x15>
            <y15>154.803447</y15>
            <x16>154.108098</x16>
            <y16>155.563719</y16>
            <x17>144.338263</x17>
            <y17>150.665427</y17>
            <x18>137.536030</x18>
            <y18>141.240720</y18>
            <x19>135.962639</x19>
            <y19>126.010112</y19>
            <x20>127.049798</x20>
            <y20>127.572297</y20>
            <x21>125.304445</x21>
            <y21>138.929916</y21>
            <x22>120.317516</x22>
            <y22>147.487138</y22>
            <x23>108.357021</x23>
            <y23>155.716129</y23>
            <x24>88.864239</x24>
            <y24>154.550002</y24>
            <x25>76.713487</x25>
            <y25>145.628382</y25>
            <x26>71.417045</x26>
            <y26>130.926114</y26>
            <x27>70.434706</x27>
            <y27>127.773761</y27>
            <x28>56.806764</x28>
            <y28>116.502492</y28>
            <x29>52.358624</x29>
            <y29>108.267301</y29>
            <x30>54.862048</x30>
            <y30>106.913604</y30>
        </polygon>
        <bndbox>
            <xmin>52.358624</xmin>
            <ymin>106.454773</ymin>
            <xmax>196.213104</xmax>
            <ymax>155.716125</ymax>
        </bndbox>
    </object>
</annotation>