<annotation>
    <folder>glassdataset</folder>
    <filename>391px-samanthamorton09tiff.jpg</filename>
    <size>
        <width>256</width>
        <height>256</height>
        <depth>3</depth>
    </size>
    <object>
        <name>Sun Glass</name>
        <pose>Unspecified</pose>
        <truncated>0</truncated>
        <occluded>0</occluded>
        <difficult>0</difficult>
        <polygon>
            <x1>55.270917</x1>
            <y1>113.506027</y1>
            <x2>66.987190</x2>
            <y2>105.269157</y2>
            <x3>73.832072</x3>
            <y3>104.151456</y3>
            <x4>83.164674</x4>
            <y4>103.028769</y4>
            <x5>94.106499</x5>
            <y5>102.802485</y5>
            <x6>123.767081</x6>
            <y6>103.928661</y6>
            <x7>156.954179</x7>
            <y7>102.090856</y7>
            <x8>176.220785</x8>
            <y8>103.454828</y8>
            <x9>194.958000</x9>
            <y9>108.282150</y9>
            <x10>202.184709</x10>
            <y10>113.501150</y10>
            <x11>232.282013</x11>
            <y11>106.442220</y11>
            <x12>227.874767</x12>
            <y12>116.439401</y12>
            <x13>202.195135</x13>
            <y13>121.399472</y13>
            <x14>197.777505</x14>
            <y14>125.452433</y14>
            <x15>196.531283</x15>
            <y15>141.538787</y15>
            <x16>189.863056</x16>
            <y16>151.140063</y16>
            <x17>180.288508</x17>
            <y17>156.719701</y17>
            <x18>166.547911</x18>
            <y18>158.869241</y18>
            <x19>150.444345</x19>
            <y19>153.945804</y19>
            <x20>143.502600</x20>
            <y20>151.920212</y20>
            <x21>129.437198</x21>
            <y21>124.096113</y21>
            <x22>128.790686</x22>
            <y22>119.465769</y22>
            <x23>121.068727</x23>
            <y23>120.121710</y23>
            <x24>119.931951</x24>
            <y24>126.255928</y24>
            <x25>115.378732</x25>
            <y25>139.829981</y25>
            <x26>108.540949</x26>
            <y26>150.472265</y26>
            <x27>98.290431</x27>
            <y27>157.830443</y27>
            <x28>78.328519</x28>
            <y28>158.048079</y28>
            <x29>72.641797</x29>
            <y29>155.553726</y29>
            <x30>63.016287</x30>
            <y30>150.895462</y30>
            <x31>56.911918</x31>
            <y31>142.181516</y31>
            <x32>53.246160</x32>
            <y32>120.438495</y32>
            <x33>55.785590</x33>
            <y33>112.619618</y33>
        </polygon>
        <bndbox>
            <xmin>53.246159</xmin>
            <ymin>102.090858</ymin>
            <xmax>232.282013</xmax>
            <ymax>158.869247</ymax>
        </bndbox>
    </object>
</annotation>