<annotation>
    <folder>glassdataset</folder>
    <filename>393px-harry_reid_113th_congress_2013.jpg</filename>
    <size>
        <width>256</width>
        <height>256</height>
        <depth>3</depth>
    </size>
    <object>
        <name>Normal Glass</name>
        <pose>Unspecified</pose>
        <truncated>0</truncated>
        <occluded>0</occluded>
        <difficult>0</difficult>
        <polygon>
            <x1>32.444411</x1>
            <y1>122.035861</y1>
            <x2>70.885605</x2>
            <y2>119.506499</y2>
            <x3>74.186011</x3>
            <y3>115.112671</y3>
            <x4>79.183453</x4>
            <y4>113.192472</y4>
            <x5>113.897424</x5>
            <y5>112.270990</y5>
            <x6>123.085063</x6>
            <y6>115.355191</y6>
            <x7>139.303386</x7>
            <y7>115.442126</y7>
            <x8>150.546811</x8>
            <y8>107.748553</y8>
            <x9>190.502327</x9>
            <y9>110.201199</y9>
            <x10>193.467826</x10>
            <y10>113.150766</y10>
            <x11>191.531131</x11>
            <y11>119.515560</y11>
            <x12>197.301981</x12>
            <y12>121.609022</y12>
            <x13>197.210309</x13>
            <y13>126.022793</y13>
            <x14>189.768892</x14>
            <y14>123.412166</y14>
            <x15>188.036002</x15>
            <y15>141.072519</y15>
            <x16>183.156526</x16>
            <y16>143.766667</y16>
            <x17>148.486971</x17>
            <y17>141.544727</y17>
            <x18>142.347853</x18>
            <y18>134.987984</y18>
            <x19>139.210696</x19>
            <y19>128.286266</y19>
            <x20>138.147664</x20>
            <y20>119.597694</y20>
            <x21>124.239744</x21>
            <y21>119.147813</y21>
            <x22>120.294669</x22>
            <y22>136.205311</y22>
            <x23>115.627474</x23>
            <y23>142.207095</y23>
            <x24>111.201932</x24>
            <y24>144.098214</y24>
            <x25>75.726237</x25>
            <y25>142.911603</y25>
            <x26>69.252950</x26>
            <y26>124.157806</y26>
            <x27>38.560193</x27>
            <y27>125.545426</y27>
            <x28>32.211862</x28>
            <y28>122.344170</y28>
        </polygon>
        <bndbox>
            <xmin>32.211861</xmin>
            <ymin>107.748550</ymin>
            <xmax>197.301987</xmax>
            <ymax>144.098221</ymax>
        </bndbox>
    </object>
</annotation>