<annotation>
    <folder>glassdataset</folder>
    <filename>394px-berniesanders1991colourised.png</filename>
    <size>
        <width>256</width>
        <height>256</height>
        <depth>3</depth>
    </size>
    <object>
        <name>Normal Glass</name>
        <pose>Unspecified</pose>
        <truncated>0</truncated>
        <occluded>0</occluded>
        <difficult>0</difficult>
        <polygon>
            <x1>58.150944</x1>
            <y1>103.403995</y1>
            <x2>65.386833</x2>
            <y2>112.620030</y2>
            <x3>73.114786</x3>
            <y3>110.881884</y3>
            <x4>84.286222</x4>
            <y4>109.163204</y4>
            <x5>109.233762</x5>
            <y5>111.721916</y5>
            <x6>120.713726</x6>
            <y6>118.476481</y6>
            <x7>134.107168</x7>
            <y7>118.821512</y7>
            <x8>142.404170</x8>
            <y8>114.635260</y8>
            <x9>156.053225</x9>
            <y9>112.493828</y9>
            <x10>177.230492</x10>
            <y10>112.365588</y10>
            <x11>194.887724</x11>
            <y11>116.570730</y11>
            <x12>203.431343</x12>
            <y12>103.211635</y12>
            <x13>204.017398</x13>
            <y13>108.341891</y13>
            <x14>196.768080</x14>
            <y14>116.729676</y14>
            <x15>196.729257</x15>
            <y15>125.152902</y15>
            <x16>192.524949</x16>
            <y16>130.697023</y16>
            <x17>189.352805</x17>
            <y17>147.559701</y17>
            <x18>184.428262</x18>
            <y18>153.772844</y18>
            <x19>174.908622</x19>
            <y19>157.949948</y19>
            <x20>159.260204</x20>
            <y20>159.377432</y20>
            <x21>149.910770</x21>
            <y21>157.467270</y21>
            <x22>141.198071</x22>
            <y22>151.966254</y22>
            <x23>132.436816</x23>
            <y23>127.944314</y23>
            <x24>120.971723</x24>
            <y24>128.241959</y24>
            <x25>118.303349</x25>
            <y25>140.877991</y25>
            <x26>111.531897</x26>
            <y26>151.067012</y26>
            <x27>103.497509</x27>
            <y27>155.078483</y27>
            <x28>83.389344</x28>
            <y28>154.839930</y28>
            <x29>73.363202</x29>
            <y29>152.162277</y29>
            <x30>64.747908</x30>
            <y30>140.650883</y30>
            <x31>62.871377</x31>
            <y31>125.880984</y31>
            <x32>59.754325</x32>
            <y32>120.657474</y32>
            <x33>60.650153</x33>
            <y33>117.529182</y33>
            <x34>60.216605</x34>
            <y34>114.141538</y34>
            <x35>56.070792</x35>
            <y35>108.167371</y35>
            <x36>58.404606</x36>
            <y36>103.840697</y36>
        </polygon>
        <bndbox>
            <xmin>56.070793</xmin>
            <ymin>103.211632</ymin>
            <xmax>204.017395</xmax>
            <ymax>159.377426</ymax>
        </bndbox>
    </object>
</annotation>