<annotation>
    <folder>glassdataset</folder>
    <filename>399px-micha%c5%82_meyer.jpg</filename>
    <size>
        <width>256</width>
        <height>256</height>
        <depth>3</depth>
    </size>
    <object>
        <name>Normal Glass</name>
        <pose>Unspecified</pose>
        <truncated>0</truncated>
        <occluded>0</occluded>
        <difficult>0</difficult>
        <polygon>
            <x1>53.697276</x1>
            <y1>108.543637</y1>
            <x2>65.766817</x2>
            <y2>112.256813</y2>
            <x3>81.548265</x3>
            <y3>110.256389</y3>
            <x4>101.337890</x4>
            <y4>111.288336</y4>
            <x5>112.786140</x5>
            <y5>113.493650</y5>
            <x6>120.146053</x6>
            <y6>117.374345</y6>
            <x7>138.094404</x7>
            <y7>118.553283</y7>
            <x8>149.226302</x8>
            <y8>112.234735</y8>
            <x9>194.286798</x9>
            <y9>114.689452</y9>
            <x10>201.520617</x10>
            <y10>111.303510</y10>
            <x11>202.704562</x11>
            <y11>119.231160</y11>
            <x12>192.839111</x12>
            <y12>126.785243</y12>
            <x13>188.860134</x13>
            <y13>138.215014</y13>
            <x14>184.453776</x14>
            <y14>147.203702</y14>
            <x15>177.218938</x15>
            <y15>152.263053</y15>
            <x16>168.661337</x16>
            <y16>154.592684</y16>
            <x17>157.834172</x17>
            <y17>154.883066</y17>
            <x18>148.176016</x18>
            <y18>151.756075</y18>
            <x19>140.298417</x19>
            <y19>146.061181</y19>
            <x20>136.541562</x20>
            <y20>139.240957</y20>
            <x21>135.209196</x21>
            <y21>125.885471</y21>
            <x22>129.317433</x22>
            <y22>124.807764</y22>
            <x23>122.806949</x23>
            <y23>125.490085</y23>
            <x24>121.422991</x24>
            <y24>135.116896</y24>
            <x25>116.846492</x25>
            <y25>145.533849</y25>
            <x26>107.083312</x26>
            <y26>153.064489</y26>
            <x27>88.078454</x27>
            <y27>154.161185</y27>
            <x28>77.298696</x28>
            <y28>149.811685</y28>
            <x29>68.776916</x29>
            <y29>139.363322</y29>
            <x30>65.477106</x30>
            <y30>125.117872</y30>
            <x31>55.281896</x31>
            <y31>120.840101</y31>
            <x32>38.496973</x32>
            <y32>111.419286</y32>
            <x33>38.588644</x33>
            <y33>106.416089</y33>
            <x34>54.451316</x34>
            <y34>108.592117</y34>
        </polygon>
        <bndbox>
            <xmin>38.496971</xmin>
            <ymin>106.416092</ymin>
            <xmax>202.704559</xmax>
            <ymax>154.883072</ymax>
        </bndbox>
    </object>
</annotation>