<annotation>
    <folder>glassdataset</folder>
    <filename>400px-rob_hodes_during_the_2019_michelin_le_mans_cup_at_the_paul_ricard.jpg</filename>
    <size>
        <width>256</width>
        <height>256</height>
        <depth>3</depth>
    </size>
    <object>
        <name>Sun Glass</name>
        <pose>Unspecified</pose>
        <truncated>0</truncated>
        <occluded>0</occluded>
        <difficult>0</difficult>
        <polygon>
            <x1>17.519284</x1>
            <y1>121.598032</y1>
            <x2>69.312951</x2>
            <y2>108.720152</y2>
            <x3>77.014567</x3>
            <y3>105.109355</y3>
            <x4>100.844829</x4>
            <y4>102.415293</y4>
            <x5>127.748247</x5>
            <y5>106.220173</y5>
            <x6>129.047947</x6>
            <y6>108.926081</y6>
            <x7>143.471667</x7>
            <y7>108.519359</y7>
            <x8>153.476305</x8>
            <y8>103.905511</y8>
            <x9>177.842277</x9>
            <y9>104.585816</y9>
            <x10>183.519808</x10>
            <y10>108.884657</y10>
            <x11>183.862714</x11>
            <y11>124.157849</y11>
            <x12>180.345995</x12>
            <y12>134.805725</y12>
            <x13>168.504375</x13>
            <y13>140.603302</y13>
            <x14>148.491241</x14>
            <y14>139.682806</y14>
            <x15>138.527030</x15>
            <y15>122.947393</y15>
            <x16>131.752869</x16>
            <y16>123.159696</y16>
            <x17>125.486097</x17>
            <y17>135.513073</y17>
            <x18>116.056632</x18>
            <y18>139.482783</y18>
            <x19>99.216985</x19>
            <y19>140.730209</y19>
            <x20>81.454134</x20>
            <y20>136.748620</y20>
            <x21>73.174765</x21>
            <y21>132.999146</y21>
            <x22>69.037070</x22>
            <y22>123.731487</y22>
            <x23>24.208581</x23>
            <y23>126.758505</y23>
            <x24>17.557457</x24>
            <y24>122.017695</y24>
        </polygon>
        <bndbox>
            <xmin>17.519285</xmin>
            <ymin>102.415291</ymin>
            <xmax>183.862717</xmax>
            <ymax>140.730209</ymax>
        </bndbox>
    </object>
</annotation>