<annotation>
    <folder>glassdataset</folder>
    <filename>401px-shery-1.jpg</filename>
    <size>
        <width>256</width>
        <height>256</height>
        <depth>3</depth>
    </size>
    <object>
        <name>Sun Glass</name>
        <pose>Unspecified</pose>
        <truncated>0</truncated>
        <occluded>0</occluded>
        <difficult>0</difficult>
        <polygon>
            <x1>58.228829</x1>
            <y1>122.713543</y1>
            <x2>64.178707</x2>
            <y2>109.549225</y2>
            <x3>71.066791</x3>
            <y3>103.816809</y3>
            <x4>82.308970</x4>
            <y4>101.932041</y4>
            <x5>100.756799</x5>
            <y5>102.295616</y5>
            <x6>113.836599</x6>
            <y6>104.815504</y6>
            <x7>124.711237</x7>
            <y7>111.441569</y7>
            <x8>135.435546</x8>
            <y8>111.117306</y8>
            <x9>147.680246</x9>
            <y9>104.361028</y9>
            <x10>168.035115</x10>
            <y10>101.393849</y10>
            <x11>186.377465</x11>
            <y11>103.783427</y11>
            <x12>194.040810</x12>
            <y12>110.256183</y12>
            <x13>197.627306</x13>
            <y13>121.607505</y13>
            <x14>197.662770</x14>
            <y14>137.538502</y14>
            <x15>190.516547</x15>
            <y15>152.028856</y15>
            <x16>181.059813</x16>
            <y16>156.461508</y16>
            <x17>156.508547</x17>
            <y17>155.983664</y17>
            <x18>140.039726</x18>
            <y18>144.810602</y18>
            <x19>132.274803</x19>
            <y19>126.950063</y19>
            <x20>129.689841</x20>
            <y20>124.791961</y20>
            <x21>126.836477</x21>
            <y21>127.184401</y21>
            <x22>120.420915</x22>
            <y22>142.279723</y22>
            <x23>111.886486</x23>
            <y23>151.336227</y23>
            <x24>97.591006</x24>
            <y24>154.716675</y24>
            <x25>82.868742</x25>
            <y25>156.602408</y25>
            <x26>67.903827</x26>
            <y26>151.102410</y26>
            <x27>62.508681</x27>
            <y27>140.838387</y27>
            <x28>57.872093</x28>
            <y28>134.596500</y28>
            <x29>57.142397</x29>
            <y29>127.797909</y29>
            <x30>59.290842</x30>
            <y30>120.911960</y30>
        </polygon>
        <bndbox>
            <xmin>57.142395</xmin>
            <ymin>101.393852</ymin>
            <xmax>197.662766</xmax>
            <ymax>156.602402</ymax>
        </bndbox>
    </object>
</annotation>