<annotation>
    <folder>glassdataset</folder>
    <filename>41d4c0300569bee094df.jpg</filename>
    <size>
        <width>256</width>
        <height>256</height>
        <depth>3</depth>
    </size>
    <object>
        <name>Sun Glass</name>
        <pose>Unspecified</pose>
        <truncated>0</truncated>
        <occluded>0</occluded>
        <difficult>0</difficult>
        <polygon>
            <x1>56.126924</x1>
            <y1>123.722296</y1>
            <x2>59.859035</x2>
            <y2>116.597555</y2>
            <x3>65.202851</x3>
            <y3>114.708214</y3>
            <x4>65.698925</x4>
            <y4>109.033317</y4>
            <x5>74.372042</x5>
            <y5>100.418294</y5>
            <x6>82.754906</x6>
            <y6>97.559120</y6>
            <x7>101.781029</x7>
            <y7>95.085880</y7>
            <x8>118.799705</x8>
            <y8>94.237427</y8>
            <x9>140.940290</x9>
            <y9>94.064793</y9>
            <x10>165.514295</x10>
            <y10>94.564054</y10>
            <x11>173.205300</x11>
            <y11>96.363458</y11>
            <x12>181.700190</x12>
            <y12>98.724986</y12>
            <x13>191.123412</x13>
            <y13>112.013859</y13>
            <x14>197.631685</x14>
            <y14>114.751611</y14>
            <x15>212.364690</x15>
            <y15>141.520882</y15>
            <x16>209.983100</x16>
            <y16>143.768445</y16>
            <x17>193.682774</x17>
            <y17>118.972057</y17>
            <x18>190.429536</x18>
            <y18>118.972057</y18>
            <x19>188.758925</x19>
            <y19>128.109037</y19>
            <x20>182.500585</x20>
            <y20>136.599060</y20>
            <x21>174.015450</x21>
            <y21>141.937078</y21>
            <x22>161.659287</x22>
            <y22>142.769880</y22>
            <x23>149.901817</x23>
            <y23>136.193064</y23>
            <x24>139.133006</x24>
            <y24>128.760751</y24>
            <x25>130.893296</x25>
            <y25>112.274382</y25>
            <x26>130.202997</x26>
            <y26>106.751809</y26>
            <x27>121.097752</x27>
            <y27>106.969563</y27>
            <x28>117.416073</x28>
            <y28>121.672492</y28>
            <x29>111.486202</x29>
            <y29>130.611573</y29>
            <x30>98.376380</x30>
            <y30>141.487337</y30>
            <x31>90.690317</x31>
            <y31>145.054488</y31>
            <x32>81.620146</x32>
            <y32>144.745203</y32>
            <x33>73.011561</x33>
            <y33>140.945948</y33>
            <x34>67.988280</x34>
            <y34>132.991006</y34>
            <x35>66.109658</x35>
            <y35>123.655142</y35>
            <x36>64.268178</x36>
            <y36>120.093443</y36>
            <x37>59.353488</x37>
            <y37>125.161735</y37>
            <x38>55.158739</x38>
            <y38>122.594006</y38>
        </polygon>
        <bndbox>
            <xmin>55.158741</xmin>
            <ymin>94.064796</ymin>
            <xmax>212.364685</xmax>
            <ymax>145.054489</ymax>
        </bndbox>
    </object>
</annotation>