<annotation>
    <folder>glassdataset</folder>
    <filename>41d4c037b8b2495a5e93.jpg</filename>
    <size>
        <width>256</width>
        <height>256</height>
        <depth>3</depth>
    </size>
    <object>
        <name>Sun Glass</name>
        <pose>Unspecified</pose>
        <truncated>0</truncated>
        <occluded>0</occluded>
        <difficult>0</difficult>
        <polygon>
            <x1>74.256591</x1>
            <y1>118.405988</y1>
            <x2>76.945624</x2>
            <y2>105.719406</y2>
            <x3>88.807858</x3>
            <y3>100.711711</y3>
            <x4>107.899944</x4>
            <y4>103.430615</y4>
            <x5>124.164352</x5>
            <y5>103.861051</y5>
            <x6>150.887680</x6>
            <y6>99.305882</y6>
            <x7>176.137351</x7>
            <y7>102.261756</y7>
            <x8>197.986340</x8>
            <y8>109.288236</y8>
            <x9>245.048301</x9>
            <y9>133.147513</y9>
            <x10>246.828836</x10>
            <y10>139.740716</y10>
            <x11>240.666460</x11>
            <y11>142.065730</y11>
            <x12>230.061179</x12>
            <y12>133.187246</y12>
            <x13>210.873064</x13>
            <y13>127.253593</y13>
            <x14>192.535245</x14>
            <y14>127.963553</y14>
            <x15>189.661028</x15>
            <y15>136.729598</y15>
            <x16>182.287675</x16>
            <y16>144.630196</y16>
            <x17>134.641220</x17>
            <y17>147.146996</y17>
            <x18>129.014803</x18>
            <y18>143.544371</y18>
            <x19>122.547195</x19>
            <y19>126.034076</y19>
            <x20>116.918893</x20>
            <y20>114.754147</y20>
            <x21>112.491097</x21>
            <y21>115.488244</y21>
            <x22>109.706924</x22>
            <y22>129.185963</y22>
            <x23>98.421251</x23>
            <y23>145.204231</y23>
            <x24>77.754235</x24>
            <y24>141.014587</y24>
            <x25>75.985318</x25>
            <y25>137.440978</y25>
            <x26>74.130031</x26>
            <y26>117.670569</y26>
        </polygon>
        <bndbox>
            <xmin>74.130028</xmin>
            <ymin>99.305885</ymin>
            <xmax>246.828842</xmax>
            <ymax>147.146988</ymax>
        </bndbox>
    </object>
</annotation>