<annotation>
    <folder>glassdataset</folder>
    <filename>41d4bfdee91c9b9dd396.jpg</filename>
    <size>
        <width>256</width>
        <height>256</height>
        <depth>3</depth>
    </size>
    <object>
        <name>Normal Glass</name>
        <pose>Unspecified</pose>
        <truncated>0</truncated>
        <occluded>0</occluded>
        <difficult>0</difficult>
        <polygon>
            <x1>4.262471</x1>
            <y1>118.460159</y1>
            <x2>26.261767</x2>
            <y2>111.262334</y2>
            <x3>52.864637</x3>
            <y3>112.061678</y3>
            <x4>121.612577</x4>
            <y4>116.311898</y4>
            <x5>128.046694</x5>
            <y5>117.466016</y5>
            <x6>137.373888</x6>
            <y6>111.514469</y6>
            <x7>144.345525</x7>
            <y7>112.847886</y7>
            <x8>145.754758</x8>
            <y8>119.031398</y8>
            <x9>150.435002</x9>
            <y9>118.606564</y9>
            <x10>155.113123</x10>
            <y10>111.026913</y10>
            <x11>162.493975</x11>
            <y11>106.474627</y11>
            <x12>167.570407</x12>
            <y12>110.544951</y12>
            <x13>164.698921</x13>
            <y13>121.496303</y13>
            <x14>161.188055</x14>
            <y14>133.716410</y14>
            <x15>158.220280</x15>
            <y15>138.483503</y15>
            <x16>149.116054</x16>
            <y16>123.464992</y16>
            <x17>145.576054</x17>
            <y17>124.661077</y17>
            <x18>143.484630</x18>
            <y18>135.824688</y18>
            <x19>139.965786</x19>
            <y19>144.536758</y19>
            <x20>135.350789</x20>
            <y20>150.223285</y20>
            <x21>129.499042</x21>
            <y21>151.044208</y21>
            <x22>125.217759</x22>
            <y22>148.043224</y22>
            <x23>123.410280</x23>
            <y23>144.024014</y23>
            <x24>122.898837</x24>
            <y24>137.737733</y24>
            <x25>122.898837</x25>
            <y25>131.621410</y25>
            <x26>124.038214</x26>
            <y26>125.728205</y26>
            <x27>124.038214</x27>
            <y27>122.831595</y27>
            <x28>121.274310</x28>
            <y28>121.472816</y28>
            <x29>117.969179</x29>
            <y29>121.872027</y29>
            <x30>26.808609</x30>
            <y30>117.606135</y30>
            <x31>14.838836</x31>
            <y31>122.482501</y31>
            <x32>4.393551</x32>
            <y32>119.051015</y32>
        </polygon>
        <bndbox>
            <xmin>4.262472</xmin>
            <ymin>106.474625</ymin>
            <xmax>167.570404</xmax>
            <ymax>151.044205</ymax>
        </bndbox>
    </object>
</annotation>