<annotation>
    <folder>glassdataset</folder>
    <filename>41d4bfdee0c003d5a7ec.jpg</filename>
    <size>
        <width>256</width>
        <height>256</height>
        <depth>3</depth>
    </size>
    <object>
        <name>Normal Glass</name>
        <pose>Unspecified</pose>
        <truncated>0</truncated>
        <occluded>0</occluded>
        <difficult>0</difficult>
        <polygon>
            <x1>5.607237</x1>
            <y1>113.856282</y1>
            <x2>28.515031</x2>
            <y2>107.146609</y2>
            <x3>42.186684</x3>
            <y3>106.276327</y3>
            <x4>122.399468</x4>
            <y4>112.557471</y4>
            <x5>127.800229</x5>
            <y5>109.020354</y5>
            <x6>134.267338</x6>
            <y6>108.075439</y6>
            <x7>143.302566</x7>
            <y7>110.739197</y7>
            <x8>143.963298</x8>
            <y8>116.462585</y8>
            <x9>148.819125</x9>
            <y9>117.454224</y9>
            <x10>153.751081</x10>
            <y10>111.131298</y10>
            <x11>157.052159</x11>
            <y11>109.322442</y11>
            <x12>160.792366</x12>
            <y12>109.942313</y12>
            <x13>167.506331</x13>
            <y13>118.724410</y13>
            <x14>166.223951</x14>
            <y14>125.835755</y14>
            <x15>160.483818</x15>
            <y15>139.278241</y15>
            <x16>146.489971</x16>
            <y16>124.467405</y16>
            <x17>145.869125</x17>
            <y17>121.550538</y17>
            <x18>142.303546</x18>
            <y18>123.124406</y18>
            <x19>140.490214</x19>
            <y19>133.997234</y19>
            <x20>136.178020</x20>
            <y20>143.783152</y20>
            <x21>133.152021</x21>
            <y21>147.346206</y21>
            <x22>126.117998</x22>
            <y22>147.721497</y22>
            <x23>120.338630</x23>
            <y23>144.233445</y23>
            <x24>120.231503</x24>
            <y24>125.724065</y24>
            <x25>120.442678</x25>
            <y25>118.141596</y25>
            <x26>30.567328</x26>
            <y26>112.631931</y26>
            <x27>21.690178</x27>
            <y27>116.432551</y27>
            <x28>6.190626</x28>
            <y28>114.648461</y28>
        </polygon>
        <bndbox>
            <xmin>5.607237</xmin>
            <ymin>106.276329</ymin>
            <xmax>167.506332</xmax>
            <ymax>147.721497</ymax>
        </bndbox>
    </object>
</annotation>