<annotation>
    <folder>glassdataset</folder>
    <filename>424px-morgan_freeman_deauville_2018.jpg</filename>
    <size>
        <width>256</width>
        <height>256</height>
        <depth>3</depth>
    </size>
    <object>
        <name>Sun Glass</name>
        <pose>Unspecified</pose>
        <truncated>0</truncated>
        <occluded>0</occluded>
        <difficult>0</difficult>
        <polygon>
            <x1>65.834383</x1>
            <y1>120.179522</y1>
            <x2>74.567827</x2>
            <y2>108.537438</y2>
            <x3>90.839931</x3>
            <y3>107.149633</y3>
            <x4>107.612509</x4>
            <y4>108.324116</y4>
            <x5>119.707140</x5>
            <y5>110.653790</y5>
            <x6>149.737182</x6>
            <y6>110.134695</y6>
            <x7>173.353482</x7>
            <y7>110.367439</y7>
            <x8>181.814535</x8>
            <y8>114.128055</y8>
            <x9>186.027102</x9>
            <y9>123.035834</y9>
            <x10>200.591288</x10>
            <y10>106.620631</y10>
            <x11>201.490226</x11>
            <y11>110.220600</y11>
            <x12>186.813537</x12>
            <y12>127.149468</y12>
            <x13>185.126820</x13>
            <y13>141.710305</y13>
            <x14>177.454435</x14>
            <y14>151.496343</y14>
            <x15>158.643021</x15>
            <y15>152.736908</y15>
            <x16>142.079841</x16>
            <y16>141.894699</y16>
            <x17>135.381137</x17>
            <y17>134.218218</y17>
            <x18>130.274856</x18>
            <y18>119.122624</y18>
            <x19>128.699297</x19>
            <y19>115.647850</y19>
            <x20>120.376022</x20>
            <y20>116.966192</y20>
            <x21>120.282703</x21>
            <y21>127.899638</y21>
            <x22>113.061869</x22>
            <y22>138.206690</y22>
            <x23>100.510312</x23>
            <y23>148.466204</y23>
            <x24>86.974085</x24>
            <y24>151.566761</y24>
            <x25>77.362838</x25>
            <y25>146.051297</y25>
            <x26>72.554277</x26>
            <y26>142.707580</y26>
            <x27>70.357666</x27>
            <y27>138.739366</y27>
            <x28>67.710947</x28>
            <y28>118.395865</y28>
            <x29>65.822255</x29>
            <y29>120.150323</y29>
        </polygon>
        <bndbox>
            <xmin>65.822258</xmin>
            <ymin>106.620628</ymin>
            <xmax>201.490219</xmax>
            <ymax>152.736908</ymax>
        </bndbox>
    </object>
</annotation>