<annotation>
    <folder>glassdataset</folder>
    <filename>425px-marcis_liors_skadmanis.jpg</filename>
    <size>
        <width>256</width>
        <height>256</height>
        <depth>3</depth>
    </size>
    <object>
        <name>Normal Glass</name>
        <pose>Unspecified</pose>
        <truncated>0</truncated>
        <occluded>0</occluded>
        <difficult>0</difficult>
        <polygon>
            <x1>43.807645</x1>
            <y1>109.532946</y1>
            <x2>59.253558</x2>
            <y2>114.282361</y2>
            <x3>70.304363</x3>
            <y3>115.102049</y3>
            <x4>79.878326</x4>
            <y4>109.398571</y4>
            <x5>93.594189</x5>
            <y5>107.839595</y5>
            <x6>109.887969</x6>
            <y6>109.655247</y6>
            <x7>120.263411</x7>
            <y7>115.758120</y7>
            <x8>130.257688</x8>
            <y8>113.741091</y8>
            <x9>140.506840</x9>
            <y9>116.165200</y9>
            <x10>150.147979</x10>
            <y10>111.671040</y10>
            <x11>162.318241</x11>
            <y11>107.715040</y11>
            <x12>182.024562</x12>
            <y12>109.372277</y12>
            <x13>195.549084</x13>
            <y13>118.134443</y13>
            <x14>193.022887</x14>
            <y14>137.070109</y14>
            <x15>184.504781</x15>
            <y15>152.288632</y15>
            <x16>171.717445</x16>
            <y16>157.783491</y16>
            <x17>159.718821</x17>
            <y17>157.790710</y17>
            <x18>150.956634</x18>
            <y18>153.332024</y18>
            <x19>143.543569</x19>
            <y19>146.532089</y19>
            <x20>138.354678</x20>
            <y20>126.861448</y20>
            <x21>137.974466</x21>
            <y21>119.214643</y21>
            <x22>123.940062</x22>
            <y22>120.127985</y22>
            <x23>124.224917</x23>
            <y23>130.779471</y23>
            <x24>120.207376</x24>
            <y24>142.868769</y24>
            <x25>110.916210</x25>
            <y25>153.414418</y25>
            <x26>97.125084</x26>
            <y26>159.016990</y26>
            <x27>80.212441</x27>
            <y27>156.152917</y27>
            <x28>70.807027</x28>
            <y28>145.801189</y28>
            <x29>67.434361</x29>
            <y29>135.287168</y29>
            <x30>66.601310</x30>
            <y30>119.943797</y30>
            <x31>58.220938</x31>
            <y31>119.645350</y31>
            <x32>41.717413</x32>
            <y32>113.511609</y32>
            <x33>44.429488</x33>
            <y33>108.952159</y33>
        </polygon>
        <bndbox>
            <xmin>41.717415</xmin>
            <ymin>107.715042</ymin>
            <xmax>195.549088</xmax>
            <ymax>159.016983</ymax>
        </bndbox>
    </object>
</annotation>