<annotation>
    <folder>glassdataset</folder>
    <filename>425px-robert_downey_jr_avp_iron_man_3_paris.jpg</filename>
    <size>
        <width>256</width>
        <height>256</height>
        <depth>3</depth>
    </size>
    <object>
        <name>Normal Glass</name>
        <pose>Unspecified</pose>
        <truncated>0</truncated>
        <occluded>0</occluded>
        <difficult>0</difficult>
        <polygon>
            <x1>41.463209</x1>
            <y1>96.895679</y1>
            <x2>60.088397</x2>
            <y2>115.793399</y2>
            <x3>74.907785</x3>
            <y3>113.330142</y3>
            <x4>89.326693</x4>
            <y4>109.424985</y4>
            <x5>111.305244</x5>
            <y5>111.921614</y5>
            <x6>118.876311</x6>
            <y6>117.271293</y6>
            <x7>140.210908</x7>
            <y7>118.502906</y7>
            <x8>150.317882</x8>
            <y8>112.475771</y8>
            <x9>158.294740</x9>
            <y9>110.593008</y9>
            <x10>173.272281</x10>
            <y10>109.357331</y10>
            <x11>187.320168</x11>
            <y11>113.062769</y11>
            <x12>193.717912</x12>
            <y12>114.960066</y12>
            <x13>193.524901</x13>
            <y13>106.968750</y13>
            <x14>196.766953</x14>
            <y14>98.417804</y14>
            <x15>198.916883</x15>
            <y15>120.466068</y15>
            <x16>192.538605</x16>
            <y16>127.526092</y16>
            <x17>189.505605</x17>
            <y17>138.201553</y17>
            <x18>182.975113</x18>
            <y18>148.672969</y18>
            <x19>173.600273</x19>
            <y19>154.761785</y19>
            <x20>165.302902</x20>
            <y20>156.903195</y20>
            <x21>153.355240</x21>
            <y21>155.952645</y21>
            <x22>143.856344</x22>
            <y22>150.666034</y22>
            <x23>137.982291</x23>
            <y23>138.360097</y23>
            <x24>136.003695</x24>
            <y24>128.359144</y24>
            <x25>135.919849</x25>
            <y25>123.561151</y25>
            <x26>122.359474</x26>
            <y26>124.089155</y26>
            <x27>122.745842</x27>
            <y27>130.874415</y27>
            <x28>120.240347</x28>
            <y28>138.908076</y28>
            <x29>116.195342</x29>
            <y29>146.378346</y29>
            <x30>111.427284</x30>
            <y30>152.151482</y30>
            <x31>103.519901</x31>
            <y31>156.831033</y31>
            <x32>87.244568</x32>
            <y32>157.768383</y32>
            <x33>76.009369</x33>
            <y33>153.631641</y33>
            <x34>68.142749</x34>
            <y34>142.950545</y34>
            <x35>64.569996</x35>
            <y35>131.830407</y35>
            <x36>63.091126</x36>
            <y36>124.043991</y36>
            <x37>57.575359</x37>
            <y37>121.050627</y37>
            <x38>44.007484</x38>
            <y38>107.904604</y38>
            <x39>41.076494</x39>
            <y39>97.681951</y39>
            <x40>42.621207</x40>
            <y40>97.738842</y40>
        </polygon>
        <bndbox>
            <xmin>41.076492</xmin>
            <ymin>96.895676</ymin>
            <xmax>198.916885</xmax>
            <ymax>157.768387</ymax>
        </bndbox>
    </object>
</annotation>