<annotation>
    <folder>glassdataset</folder>
    <filename>429px-thomas_massie_113th_congress.jpg</filename>
    <size>
        <width>256</width>
        <height>256</height>
        <depth>3</depth>
    </size>
    <object>
        <name>Normal Glass</name>
        <pose>Unspecified</pose>
        <truncated>0</truncated>
        <occluded>0</occluded>
        <difficult>0</difficult>
        <polygon>
            <x1>47.263864</x1>
            <y1>119.916582</y1>
            <x2>63.743935</x2>
            <y2>117.312609</y2>
            <x3>68.760192</x3>
            <y3>118.396418</y3>
            <x4>71.497109</x4>
            <y4>114.453045</y4>
            <x5>76.353911</x5>
            <y5>111.992356</y5>
            <x6>83.891726</x6>
            <y6>111.927694</y6>
            <x7>114.683816</x7>
            <y7>114.875981</y7>
            <x8>120.224328</x8>
            <y8>117.698457</y8>
            <x9>122.442323</x9>
            <y9>120.078161</y9>
            <x10>139.343770</x10>
            <y10>120.163622</y10>
            <x11>143.213669</x11>
            <y11>116.227640</y11>
            <x12>155.520192</x12>
            <y12>113.078029</y12>
            <x13>179.439925</x13>
            <y13>113.508694</y13>
            <x14>190.413105</x14>
            <y14>115.191022</y14>
            <x15>192.848216</x15>
            <y15>120.199237</y15>
            <x16>198.121907</x16>
            <y16>120.433607</y16>
            <x17>198.500861</x17>
            <y17>124.023799</y17>
            <x18>192.855304</x18>
            <y18>123.418734</y18>
            <x19>192.735474</x19>
            <y19>131.847466</y19>
            <x20>190.960207</x20>
            <y20>140.487288</y20>
            <x21>184.682336</x21>
            <y21>145.125924</y21>
            <x22>173.852483</x22>
            <y22>145.908490</y22>
            <x23>161.414014</x23>
            <y23>147.195053</y23>
            <x24>152.210855</x24>
            <y24>146.114756</y24>
            <x25>147.670816</x25>
            <y25>145.091533</y25>
            <x26>139.758122</x26>
            <y26>133.230795</y26>
            <x27>138.507586</x27>
            <y27>123.112180</y27>
            <x28>122.848568</x28>
            <y28>123.154689</y28>
            <x29>121.161439</x29>
            <y29>134.673128</y29>
            <x30>113.597612</x30>
            <y30>144.081599</y30>
            <x31>110.474111</x31>
            <y31>145.338237</y31>
            <x32>103.594621</x32>
            <y32>146.045032</y32>
            <x33>80.828681</x33>
            <y33>145.030643</y33>
            <x34>73.666060</x34>
            <y34>143.024756</y34>
            <x35>69.011026</x35>
            <y35>138.858989</y35>
            <x36>66.642149</x36>
            <y36>128.997917</y36>
            <x37>67.653763</x37>
            <y37>121.062603</y37>
            <x38>48.024157</x38>
            <y38>122.697199</y38>
            <x39>47.937298</x39>
            <y39>120.484580</y39>
        </polygon>
        <bndbox>
            <xmin>47.263863</xmin>
            <ymin>111.927696</ymin>
            <xmax>198.500854</xmax>
            <ymax>147.195053</ymax>
        </bndbox>
    </object>
</annotation>