<annotation>
    <folder>glassdataset</folder>
    <filename>438px-robert_downey%2c_jr._2010.jpg</filename>
    <size>
        <width>256</width>
        <height>256</height>
        <depth>3</depth>
    </size>
    <object>
        <name>Sun Glass</name>
        <pose>Unspecified</pose>
        <truncated>0</truncated>
        <occluded>0</occluded>
        <difficult>0</difficult>
        <polygon>
            <x1>49.537438</x1>
            <y1>109.613844</y1>
            <x2>64.155513</x2>
            <y2>109.108535</y2>
            <x3>72.567890</x3>
            <y3>106.763980</y3>
            <x4>84.210440</x4>
            <y4>105.347822</y4>
            <x5>96.764729</x5>
            <y5>104.162890</y5>
            <x6>110.426964</x6>
            <y6>106.264784</y6>
            <x7>118.555840</x7>
            <y7>112.852211</y7>
            <x8>124.880576</x8>
            <y8>110.572838</y8>
            <x9>131.826396</x9>
            <y9>110.572838</y9>
            <x10>138.352185</x10>
            <y10>112.137569</y10>
            <x11>146.651116</x11>
            <y11>107.264227</y11>
            <x12>159.819098</x12>
            <y12>104.978145</y12>
            <x13>176.713110</x13>
            <y13>104.883222</y13>
            <x14>193.938625</x14>
            <y14>108.302829</y14>
            <x15>199.658642</x15>
            <y15>109.029231</y15>
            <x16>200.459168</x16>
            <y16>115.671402</y16>
            <x17>193.997369</x17>
            <y17>118.180593</y17>
            <x18>190.132260</x18>
            <y18>121.979891</y18>
            <x19>186.178623</x19>
            <y19>133.288434</y19>
            <x20>182.178576</x20>
            <y20>140.599422</y20>
            <x21>177.679246</x21>
            <y21>144.720556</y21>
            <x22>171.000614</x22>
            <y22>148.266972</y22>
            <x23>163.434598</x23>
            <y23>149.332020</y23>
            <x24>152.966553</x24>
            <y24>147.813547</y24>
            <x25>144.912483</x25>
            <y25>143.208836</y25>
            <x26>139.249887</x26>
            <y26>137.623767</y26>
            <x27>135.216848</x27>
            <y27>121.106683</y27>
            <x28>134.527546</x28>
            <y28>119.153330</y28>
            <x29>121.653915</x29>
            <y29>119.227475</y29>
            <x30>118.795434</x30>
            <y30>133.067113</y30>
            <x31>115.083754</x31>
            <y31>140.153248</y31>
            <x32>106.625238</x32>
            <y32>147.692601</y32>
            <x33>89.647033</x33>
            <y33>149.412723</y33>
            <x34>83.484787</x34>
            <y34>147.410759</y34>
            <x35>73.822393</x35>
            <y35>142.486368</y35>
            <x36>66.273599</x36>
            <y36>120.181581</y36>
            <x37>60.079835</x37>
            <y37>117.695519</y37>
            <x38>52.694810</x38>
            <y38>117.898545</y38>
            <x39>49.311154</x39>
            <y39>124.549387</y39>
            <x40>44.217825</x40>
            <y40>117.874819</y40>
            <x41>49.463260</x41>
            <y41>109.367498</y41>
        </polygon>
        <bndbox>
            <xmin>44.217823</xmin>
            <ymin>104.162888</ymin>
            <xmax>200.459167</xmax>
            <ymax>149.412720</ymax>
        </bndbox>
    </object>
</annotation>