<annotation>
    <folder>glassdataset</folder>
    <filename>450px-official_portrait_of_alok_sharma_crop_2.jpg</filename>
    <size>
        <width>256</width>
        <height>256</height>
        <depth>3</depth>
    </size>
    <object>
        <name>Normal Glass</name>
        <pose>Unspecified</pose>
        <truncated>0</truncated>
        <occluded>0</occluded>
        <difficult>0</difficult>
        <polygon>
            <x1>50.958766</x1>
            <y1>106.538476</y1>
            <x2>67.449849</x2>
            <y2>112.418978</y2>
            <x3>71.978573</x3>
            <y3>108.762031</y3>
            <x4>78.842520</x4>
            <y4>107.486350</y4>
            <x5>123.098914</x5>
            <y5>113.061154</y5>
            <x6>138.802976</x6>
            <y6>112.679696</y6>
            <x7>150.048569</x7>
            <y7>108.791924</y7>
            <x8>187.861742</x8>
            <y8>111.153636</y8>
            <x9>191.017997</x9>
            <y9>113.019469</y9>
            <x10>192.494818</x10>
            <y10>108.674912</y10>
            <x11>192.948037</x11>
            <y11>118.779567</y11>
            <x12>190.860624</x12>
            <y12>120.431688</y12>
            <x13>189.926395</x13>
            <y13>127.203585</y13>
            <x14>188.412767</x14>
            <y14>133.993928</y14>
            <x15>183.847800</x15>
            <y15>141.526518</y15>
            <x16>180.697940</x16>
            <y16>143.851922</y16>
            <x17>167.382968</x17>
            <y17>145.347493</y17>
            <x18>152.363547</x18>
            <y18>144.880542</y18>
            <x19>144.246159</x19>
            <y19>142.081727</y19>
            <x20>133.818150</x20>
            <y20>118.738815</y20>
            <x21>124.509382</x21>
            <y21>119.737943</y21>
            <x22>121.692716</x22>
            <y22>132.091396</y22>
            <x23>117.986824</x23>
            <y23>139.009036</y23>
            <x24>111.391084</x24>
            <y24>144.243146</y24>
            <x25>104.456991</x25>
            <y25>146.339783</y25>
            <x26>92.875255</x26>
            <y26>146.515376</y26>
            <x27>77.312753</x27>
            <y27>144.245584</y27>
            <x28>71.998255</x28>
            <y28>139.296677</y28>
            <x29>66.389310</x29>
            <y29>121.150384</y29>
            <x30>56.693481</x30>
            <y30>116.098576</y30>
            <x31>49.865560</x31>
            <y31>106.237439</y31>
        </polygon>
        <bndbox>
            <xmin>49.865559</xmin>
            <ymin>106.237442</ymin>
            <xmax>192.948044</xmax>
            <ymax>146.515381</ymax>
        </bndbox>
    </object>
</annotation>