<annotation>
    <folder>glassdataset</folder>
    <filename>450px-damien_echols_2012.jpg</filename>
    <size>
        <width>256</width>
        <height>256</height>
        <depth>3</depth>
    </size>
    <object>
        <name>Sun Glass</name>
        <pose>Unspecified</pose>
        <truncated>0</truncated>
        <occluded>0</occluded>
        <difficult>0</difficult>
        <polygon>
            <x1>62.177730</x1>
            <y1>110.316087</y1>
            <x2>81.961773</x2>
            <y2>106.710818</y2>
            <x3>103.672246</x3>
            <y3>107.933608</y3>
            <x4>119.582260</x4>
            <y4>113.246491</y4>
            <x5>134.777524</x5>
            <y5>114.630340</y5>
            <x6>144.555184</x6>
            <y6>108.564100</y6>
            <x7>165.098273</x7>
            <y7>106.709983</y7>
            <x8>192.250824</x8>
            <y8>108.519977</y8>
            <x9>222.200358</x9>
            <y9>122.236382</y9>
            <x10>222.971012</x10>
            <y10>130.075841</y10>
            <x11>195.320306</x11>
            <y11>118.141098</y11>
            <x12>192.773756</x12>
            <y12>120.177701</y12>
            <x13>187.055191</x13>
            <y13>136.065626</y13>
            <x14>178.786607</x14>
            <y14>141.131978</y14>
            <x15>159.605581</x15>
            <y15>142.703939</y15>
            <x16>143.181891</x16>
            <y16>141.180816</y16>
            <x17>130.733537</x17>
            <y17>122.030918</y17>
            <x18>125.888007</x18>
            <y18>120.519534</y18>
            <x19>121.060707</x19>
            <y19>125.842551</y19>
            <x20>116.687276</x20>
            <y20>135.690617</y20>
            <x21>112.131716</x21>
            <y21>139.323047</y21>
            <x22>102.681398</x22>
            <y22>142.431699</y22>
            <x23>86.409230</x23>
            <y23>143.073767</y23>
            <x24>72.680165</x24>
            <y24>139.109465</y24>
            <x25>65.296516</x25>
            <y25>128.276729</y25>
            <x26>60.612500</x26>
            <y26>113.981791</y26>
            <x27>60.907196</x27>
            <y27>109.314357</y27>
            <x28>66.692407</x28>
            <y28>109.556942</y28>
        </polygon>
        <bndbox>
            <xmin>60.612499</xmin>
            <ymin>106.709984</ymin>
            <xmax>222.971008</xmax>
            <ymax>143.073761</ymax>
        </bndbox>
    </object>
</annotation>