<annotation>
    <folder>glassdataset</folder>
    <filename>450px-official_portrait_of_lloyd_russell-moyle_crop_2.jpg</filename>
    <size>
        <width>256</width>
        <height>256</height>
        <depth>3</depth>
    </size>
    <object>
        <name>Normal Glass</name>
        <pose>Unspecified</pose>
        <truncated>0</truncated>
        <occluded>0</occluded>
        <difficult>0</difficult>
        <polygon>
            <x1>38.918793</x1>
            <y1>120.271757</y1>
            <x2>59.965533</x2>
            <y2>114.471535</y2>
            <x3>73.996317</x3>
            <y3>112.223940</y3>
            <x4>83.381637</x4>
            <y4>108.401090</y4>
            <x5>119.783811</x5>
            <y5>110.456076</y5>
            <x6>121.670367</x6>
            <y6>112.706553</y6>
            <x7>135.741102</x7>
            <y7>113.376140</y7>
            <x8>141.621441</x8>
            <y8>109.660753</y8>
            <x9>149.604043</x9>
            <y9>107.432353</y9>
            <x10>157.279635</x10>
            <y10>107.432353</y10>
            <x11>176.874624</x11>
            <y11>107.422945</y11>
            <x12>193.924817</x12>
            <y12>109.549377</y12>
            <x13>203.962382</x13>
            <y13>111.764337</y13>
            <x14>203.916449</x14>
            <y14>118.766127</y14>
            <x15>196.629890</x15>
            <y15>121.563490</y15>
            <x16>188.984949</x16>
            <y16>139.703063</y16>
            <x17>182.625400</x17>
            <y17>146.505080</y17>
            <x18>175.208000</x18>
            <y18>149.189690</y18>
            <x19>161.069829</x19>
            <y19>151.269430</y19>
            <x20>148.659973</x20>
            <y20>147.121699</y20>
            <x21>141.146784</x21>
            <y21>140.664886</y21>
            <x22>134.438195</x22>
            <y22>125.251055</y22>
            <x23>133.524148</x23>
            <y23>122.926518</y23>
            <x24>125.682142</x24>
            <y24>123.275396</y24>
            <x25>123.600516</x25>
            <y25>132.062826</y25>
            <x26>120.022928</x26>
            <y26>140.165072</y26>
            <x27>114.143998</x27>
            <y27>147.367015</y27>
            <x28>105.826425</x28>
            <y28>151.459905</y28>
            <x29>88.849867</x29>
            <y29>153.009516</y29>
            <x30>74.469869</x30>
            <y30>147.791621</y30>
            <x31>69.451098</x31>
            <y31>142.381843</y31>
            <x32>66.092587</x32>
            <y32>135.819431</y32>
            <x33>62.526998</x33>
            <y33>127.577358</y33>
            <x34>60.266754</x34>
            <y34>124.565666</y34>
            <x35>38.336185</x35>
            <y35>125.133707</y35>
            <x36>39.257353</x36>
            <y36>120.085141</y36>
        </polygon>
        <bndbox>
            <xmin>38.336185</xmin>
            <ymin>107.422943</ymin>
            <xmax>203.962387</xmax>
            <ymax>153.009521</ymax>
        </bndbox>
    </object>
</annotation>