<annotation>
    <folder>glassdataset</folder>
    <filename>462px-elton_john_2011_shankbone_2_%28cropped%29.jpg</filename>
    <size>
        <width>256</width>
        <height>256</height>
        <depth>3</depth>
    </size>
    <object>
        <name>Sun Glass</name>
        <pose>Unspecified</pose>
        <truncated>0</truncated>
        <occluded>0</occluded>
        <difficult>0</difficult>
        <polygon>
            <x1>59.586210</x1>
            <y1>107.304416</y1>
            <x2>65.583713</x2>
            <y2>118.660236</y2>
            <x3>70.137625</x3>
            <y3>116.683526</y3>
            <x4>79.079253</x4>
            <y4>115.272559</y4>
            <x5>96.865461</x5>
            <y5>115.523989</y5>
            <x6>116.741641</x6>
            <y6>117.819608</y6>
            <x7>125.466826</x7>
            <y7>119.767109</y7>
            <x8>140.359633</x8>
            <y8>118.630170</y8>
            <x9>158.163985</x9>
            <y9>116.785082</y9>
            <x10>175.438685</x10>
            <y10>116.695101</y10>
            <x11>184.403421</x11>
            <y11>117.307558</y11>
            <x12>191.752777</x12>
            <y12>121.589719</y12>
            <x13>207.443356</x13>
            <y13>109.591127</y13>
            <x14>209.346972</x14>
            <y14>116.000879</y14>
            <x15>192.147859</x15>
            <y15>133.823375</y15>
            <x16>190.855183</x16>
            <y16>144.736684</y16>
            <x17>177.164833</x17>
            <y17>148.093937</y17>
            <x18>150.733882</x18>
            <y18>148.135578</y18>
            <x19>139.823066</x19>
            <y19>145.202486</y19>
            <x20>130.218019</x20>
            <y20>128.920270</y20>
            <x21>123.464299</x21>
            <y21>130.510569</y21>
            <x22>121.134776</x22>
            <y22>138.112808</y22>
            <x23>118.492544</x23>
            <y23>143.104635</y23>
            <x24>107.528641</x24>
            <y24>146.692313</y24>
            <x25>90.747934</x25>
            <y25>146.024699</y25>
            <x26>72.735550</x26>
            <y26>143.363218</y26>
            <x27>65.733901</x27>
            <y27>141.429341</y27>
            <x28>65.288149</x28>
            <y28>137.949971</y28>
            <x29>64.052873</x29>
            <y29>129.651582</y29>
            <x30>58.143487</x30>
            <y30>115.426400</y30>
            <x31>59.899506</x31>
            <y31>107.187058</y31>
        </polygon>
        <bndbox>
            <xmin>58.143486</xmin>
            <ymin>107.187057</ymin>
            <xmax>209.346970</xmax>
            <ymax>148.135574</ymax>
        </bndbox>
    </object>
</annotation>