<annotation>
    <folder>glassdataset</folder>
    <filename>5ce05bf2-a9e1-603b-f2131debb65713a0.jpg</filename>
    <size>
        <width>256</width>
        <height>256</height>
        <depth>3</depth>
    </size>
    <object>
        <name>Normal Glass</name>
        <pose>Unspecified</pose>
        <truncated>0</truncated>
        <occluded>0</occluded>
        <difficult>0</difficult>
        <polygon>
            <x1>41.855028</x1>
            <y1>118.077910</y1>
            <x2>70.287368</x2>
            <y2>109.178844</y2>
            <x3>75.355455</x3>
            <y3>111.797666</y3>
            <x4>88.296957</x4>
            <y4>105.624635</y4>
            <x5>98.115000</x5>
            <y5>103.164727</y5>
            <x6>113.369442</x6>
            <y6>105.208700</y6>
            <x7>121.315453</x7>
            <y7>109.739613</y7>
            <x8>124.571334</x8>
            <y8>111.725547</y8>
            <x9>139.666256</x9>
            <y9>112.383048</y9>
            <x10>153.116925</x10>
            <y10>106.323561</y10>
            <x11>166.336367</x11>
            <y11>104.062364</y11>
            <x12>181.915766</x12>
            <y12>108.205381</y12>
            <x13>187.080097</x13>
            <y13>109.018988</y13>
            <x14>191.224859</x14>
            <y14>108.566940</y14>
            <x15>192.471624</x15>
            <y15>116.019348</y15>
            <x16>186.257635</x16>
            <y16>121.200641</y16>
            <x17>180.892229</x17>
            <y17>131.850566</y17>
            <x18>174.211972</x18>
            <y18>137.701620</y18>
            <x19>164.091168</x19>
            <y19>138.898051</y19>
            <x20>150.155415</x20>
            <y20>137.325245</y20>
            <x21>134.798659</x21>
            <y21>117.975703</y21>
            <x22>123.856172</x22>
            <y22>118.443121</y22>
            <x23>121.490406</x23>
            <y23>129.778543</y23>
            <x24>114.262354</x24>
            <y24>134.641588</y24>
            <x25>102.548151</x25>
            <y25>136.752695</y25>
            <x26>86.170253</x26>
            <y26>137.539488</y26>
            <x27>73.484473</x27>
            <y27>129.315732</y27>
            <x28>70.739005</x28>
            <y28>117.954829</y28>
            <x29>47.489151</x29>
            <y29>123.868311</y29>
            <x30>42.571220</x30>
            <y30>130.948268</y30>
            <x31>38.024028</x31>
            <y31>127.803426</y31>
            <x32>42.631438</x32>
            <y32>118.040864</y32>
        </polygon>
        <bndbox>
            <xmin>38.024029</xmin>
            <ymin>103.164726</ymin>
            <xmax>192.471619</xmax>
            <ymax>138.898056</ymax>
        </bndbox>
    </object>
</annotation>