<annotation>
    <folder>glassdataset</folder>
    <filename>5qqldji4s1nlijdelnvmt3486v.jpg</filename>
    <size>
        <width>256</width>
        <height>256</height>
        <depth>3</depth>
    </size>
    <object>
        <name>Sun Glass</name>
        <pose>Unspecified</pose>
        <truncated>0</truncated>
        <occluded>0</occluded>
        <difficult>0</difficult>
        <polygon>
            <x1>54.573075</x1>
            <y1>101.495318</y1>
            <x2>71.270846</x2>
            <y2>94.921505</y2>
            <x3>92.238216</x3>
            <y3>94.764510</y3>
            <x4>100.223896</x4>
            <y4>96.240952</y4>
            <x5>112.173488</x5>
            <y5>103.809352</y5>
            <x6>116.171692</x6>
            <y6>108.302504</y6>
            <x7>127.409222</x7>
            <y7>109.081797</y7>
            <x8>134.563031</x8>
            <y8>100.959044</y8>
            <x9>144.862756</x9>
            <y9>95.779560</y9>
            <x10>155.506470</x10>
            <y10>93.299850</y10>
            <x11>168.978122</x11>
            <y11>93.365715</y11>
            <x12>177.814965</x12>
            <y12>94.615493</y12>
            <x13>188.085664</x13>
            <y13>96.584356</y13>
            <x14>194.530056</x14>
            <y14>98.763181</y14>
            <x15>200.822060</x15>
            <y15>110.784783</y15>
            <x16>196.582635</x16>
            <y16>115.944378</y16>
            <x17>194.890888</x17>
            <y17>134.746916</y17>
            <x18>190.724233</x18>
            <y18>145.282745</y18>
            <x19>186.434063</x19>
            <y19>150.912781</y19>
            <x20>180.613010</x20>
            <y20>154.900343</y20>
            <x21>173.546710</x21>
            <y21>157.498138</y21>
            <x22>165.616718</x22>
            <y22>158.367595</y22>
            <x23>158.869934</x23>
            <y23>158.367595</y23>
            <x24>151.891187</x24>
            <y24>157.175630</y24>
            <x25>143.120307</x25>
            <y25>153.459180</y25>
            <x26>136.014967</x26>
            <y26>146.572906</y26>
            <x27>129.790032</x27>
            <y27>135.840848</y27>
            <x28>127.103405</x28>
            <y28>126.765680</y28>
            <x29>125.505259</x29>
            <y29>118.369268</y29>
            <x30>119.329096</x30>
            <y30>117.705242</y30>
            <x31>119.597802</x31>
            <y31>123.406313</y31>
            <x32>117.429100</x32>
            <y32>128.438828</y32>
            <x33>114.705775</x33>
            <y33>133.603593</y33>
            <x34>112.318939</x34>
            <y34>141.414850</y34>
            <x35>106.863986</x35>
            <y35>150.025224</y35>
            <x36>102.474493</x36>
            <y36>154.479682</y36>
            <x37>98.014008</x37>
            <y37>157.610315</y37>
            <x38>92.028124</x38>
            <y38>158.157330</y38>
            <x39>85.974371</x39>
            <y39>158.084474</y39>
            <x40>80.480139</x40>
            <y40>157.701228</y40>
            <x41>75.129864</x41>
            <y41>155.921582</y41>
            <x42>71.692482</x42>
            <y42>153.388384</y42>
            <x43>66.426291</x43>
            <y43>147.407334</y43>
            <x44>61.675033</x44>
            <y44>139.600207</y44>
            <x45>60.108947</x45>
            <y45>132.133774</y45>
            <x46>59.645085</x46>
            <y46>123.940365</y46>
            <x47>58.160037</x47>
            <y47>115.306646</y47>
            <x48>57.897585</x48>
            <y48>112.190190</y48>
            <x49>54.858385</x49>
            <y49>111.202040</y49>
            <x50>54.442417</x50>
            <y50>101.709366</y50>
        </polygon>
        <bndbox>
            <xmin>54.442417</xmin>
            <ymin>93.299850</ymin>
            <xmax>200.822052</xmax>
            <ymax>158.367599</ymax>
        </bndbox>
    </object>
</annotation>